SET SQL_MODE = "NO_AUTO_VALUE_ON_ZERO";
START TRANSACTION;
SET time_zone = "+00:00";

/*!40101 SET @OLD_CHARACTER_SET_CLIENT=@@CHARACTER_SET_CLIENT */;
/*!40101 SET @OLD_CHARACTER_SET_RESULTS=@@CHARACTER_SET_RESULTS */;
/*!40101 SET @OLD_COLLATION_CONNECTION=@@COLLATION_CONNECTION */;
/*!40101 SET NAMES utf8mb4 */;

CREATE DATABASE IF NOT EXISTS snowDB DEFAULT CHARACTER SET utf8 COLLATE utf8_unicode_ci;
USE snowDB;

-- NOTE THAT afm STANDS FOR Tax Identification Number

CREATE TABLE all_employees (
  afm_employee bigint(9) UNSIGNED NOT NULL,
  first_name varchar(50) NOT NULL,
  last_name varchar(50) NOT NULL,
  email varchar(320) NOT NULL,
  password varchar(15) NOT NULL,
  phone bigint(10) UNSIGNED NOT NULL
) ENGINE=InnoDB DEFAULT CHARSET=utf8 COLLATE=utf8_unicode_ci;

INSERT INTO all_employees (afm_employee, first_name, last_name, email, password, phone) VALUES
(103103103, 'Test', 'Employee1', 'employee1@test.email.gr', '#empl1!', 6900000001),
(123456789, 'Test', 'Employee2', 'employee2@test.email.gr', '#empl2!', 6900000002),
(204620462, 'Test', 'Employee3', 'employee3@test.email.gr', '#empl3!', 6900000003),
(246824682, 'Test', 'Employee4', 'employee4@test.email.gr', '#empl4!', 6900000004),
(258008520, 'Test', 'Employee5', 'employee5@test.email.gr', '#empl5!', 6900000005);

CREATE TABLE businesses (
  email varchar(320) NOT NULL,
  password varchar(15) NOT NULL,
  business_id_name varchar(100) NOT NULL,
  afm_business bigint(9) UNSIGNED NOT NULL,
  phone bigint(10) UNSIGNED NOT NULL,
  address varchar(150) NOT NULL,
  postal_code int(5) UNSIGNED NOT NULL,
  number_tables int(3) UNSIGNED NOT NULL
) ENGINE=InnoDB DEFAULT CHARSET=utf8 COLLATE=utf8_unicode_ci;

INSERT INTO businesses (email, password, business_id_name, afm_business, phone, address, postal_code, number_tables) VALUES
('arch-wine-bar@test.email.gr', '#store1', 'Arch Wine Bar', 318046503, 2236000001, 'Test Street 12, Λαμία', 35100, 20),
('city-garden-bar@test.email.gr', '#store2', 'City Garden Bar', 543782460, 2310500002, 'Test Street 34, Θεσσαλονίκη', 54634, 10),
('mojito-flavours-and-more@test.email.gr', '#store3', 'Mojito Flavours & More Bar', 685724019, 2100000003, 'Test Street 56, Γαλάτσι', 11146, 14),
('beer-situations@test.email.gr', '#store4', 'Beer-οκαταστάσεις Χανίων', 731982460, 2821900004, 'Test Street 78, Χανιά', 73134, 18),
('bamboo-beer-pub@test.email.gr', '#store5', 'Bamboo Beer Pub', 741236985, 2100000005, 'Test Boulevard 987, Αθήνα', 10435, 24),
('chill-coffee-routine@test.email.gr', '#store6', 'Chill @ Coffee Routine', 895623741, 2310500006, 'Test Boulevard 654, Θεσσαλονίκη', 54630, 16),
('coffee-time@test.email.gr', '#store7', 'Coffee Time', 976431028, 2100000007, 'Test Boulevard 321, Γαλάτσι', 11146, 30),
('beer-adiko@test.email.gr', '#store8', 'Beer-adiko', 987654321, 2818000009, 'Test Boulevard 101, Ιωάννινα', 45332, 25);

CREATE TABLE categories (
  category_id int(10) UNSIGNED NOT NULL,
  category_name varchar(30) NOT NULL
) ENGINE=InnoDB DEFAULT CHARSET=utf8 COLLATE=utf8_unicode_ci;

INSERT INTO categories (category_id, category_name) VALUES
(9, 'Snacks'),
(3, 'Αναψυκτικά'),
(11, 'Γλυκά'),
(1, 'Καφέδες'),
(7, 'Κοκτέιλ'),
(5, 'Κρασιά/Ούζο/Τσίπουρο...'),
(8, 'Μη αλκοολούχα ποτά'),
(4, 'Μπύρες'),
(6, 'Ποτά'),
(2, 'Ροφήματα/Χυμοί'),
(10, 'Φαγητό');

CREATE TABLE customers (
  first_name varchar(50) NOT NULL,
  last_name varchar(50) NOT NULL,
  email varchar(320) NOT NULL,
  password varchar(15) NOT NULL,
  phone bigint(10) UNSIGNED NOT NULL
) ENGINE=InnoDB DEFAULT CHARSET=utf8 COLLATE=utf8_unicode_ci;

INSERT INTO customers (first_name, last_name, email, password, phone) VALUES
('Test', 'Customer1', 'customer1@test.email.gr', '#cust1', 6810101010),
('Test', 'Customer2', 'customer2@test.email.gr', '#cust2', 6920202020);

CREATE TABLE messages (
  first_name varchar(50) NOT NULL,
  last_name varchar(50) NOT NULL,
  email varchar(320) NOT NULL,
  phone bigint(10) UNSIGNED NOT NULL,
  title varchar(50) NOT NULL,
  message varchar(200) NOT NULL
) ENGINE=InnoDB DEFAULT CHARSET=utf8 COLLATE=utf8_unicode_ci;

CREATE TABLE orders318046503 (
  product_id int(10) UNSIGNED NOT NULL,
  category_id int(10) UNSIGNED NOT NULL,
  product_name varchar(50) NOT NULL,
  description varchar(200) DEFAULT NULL,
  price decimal(5,2) UNSIGNED NOT NULL,
  quantity int(10) UNSIGNED NOT NULL,
  number_table int(3) UNSIGNED NOT NULL,
  date_time timestamp NOT NULL DEFAULT current_timestamp() ON UPDATE current_timestamp(),
  isActive tinyint(1) NOT NULL
) ENGINE=InnoDB DEFAULT CHARSET=utf8 COLLATE=utf8_unicode_ci;

CREATE TABLE orders543782460 (
  product_id int(10) UNSIGNED NOT NULL,
  category_id int(10) UNSIGNED NOT NULL,
  product_name varchar(50) NOT NULL,
  description varchar(200) DEFAULT NULL,
  price decimal(5,2) UNSIGNED NOT NULL,
  quantity int(10) UNSIGNED NOT NULL,
  number_table int(3) UNSIGNED NOT NULL,
  date_time timestamp NOT NULL DEFAULT current_timestamp() ON UPDATE current_timestamp(),
  isActive tinyint(1) NOT NULL
) ENGINE=InnoDB DEFAULT CHARSET=utf8 COLLATE=utf8_unicode_ci;

CREATE TABLE orders685724019 (
  product_id int(10) UNSIGNED NOT NULL,
  category_id int(10) UNSIGNED NOT NULL,
  product_name varchar(50) NOT NULL,
  description varchar(200) DEFAULT NULL,
  price decimal(5,2) UNSIGNED NOT NULL,
  quantity int(10) UNSIGNED NOT NULL,
  number_table int(3) UNSIGNED NOT NULL,
  date_time timestamp NOT NULL DEFAULT current_timestamp() ON UPDATE current_timestamp(),
  isActive tinyint(1) NOT NULL
) ENGINE=InnoDB DEFAULT CHARSET=utf8 COLLATE=utf8_unicode_ci;

CREATE TABLE orders731982460 (
  product_id int(10) UNSIGNED NOT NULL,
  category_id int(10) UNSIGNED NOT NULL,
  product_name varchar(50) NOT NULL,
  description varchar(200) DEFAULT NULL,
  price decimal(5,2) UNSIGNED NOT NULL,
  quantity int(10) UNSIGNED NOT NULL,
  number_table int(3) UNSIGNED NOT NULL,
  date_time timestamp NOT NULL DEFAULT current_timestamp() ON UPDATE current_timestamp(),
  isActive tinyint(1) NOT NULL
) ENGINE=InnoDB DEFAULT CHARSET=utf8 COLLATE=utf8_unicode_ci;

CREATE TABLE orders741236985 (
  product_id int(10) UNSIGNED NOT NULL,
  category_id int(10) UNSIGNED NOT NULL,
  product_name varchar(50) NOT NULL,
  description varchar(200) DEFAULT NULL,
  price decimal(5,2) UNSIGNED NOT NULL,
  quantity int(10) UNSIGNED NOT NULL,
  number_table int(3) UNSIGNED NOT NULL,
  date_time timestamp NOT NULL DEFAULT current_timestamp() ON UPDATE current_timestamp(),
  isActive tinyint(1) NOT NULL
) ENGINE=InnoDB DEFAULT CHARSET=utf8 COLLATE=utf8_unicode_ci;

CREATE TABLE orders895623741 (
  product_id int(10) UNSIGNED NOT NULL,
  category_id int(10) UNSIGNED NOT NULL,
  product_name varchar(50) NOT NULL,
  description varchar(200) DEFAULT NULL,
  price decimal(5,2) UNSIGNED NOT NULL,
  quantity int(10) UNSIGNED NOT NULL,
  number_table int(3) UNSIGNED NOT NULL,
  date_time timestamp NOT NULL DEFAULT current_timestamp() ON UPDATE current_timestamp(),
  isActive tinyint(1) NOT NULL
) ENGINE=InnoDB DEFAULT CHARSET=utf8 COLLATE=utf8_unicode_ci;

CREATE TABLE orders976431028 (
  product_id int(10) UNSIGNED NOT NULL,
  category_id int(10) UNSIGNED NOT NULL,
  product_name varchar(50) NOT NULL,
  description varchar(200) DEFAULT NULL,
  price decimal(5,2) UNSIGNED NOT NULL,
  quantity int(10) UNSIGNED NOT NULL,
  number_table int(3) UNSIGNED NOT NULL,
  date_time timestamp NOT NULL DEFAULT current_timestamp() ON UPDATE current_timestamp(),
  isActive tinyint(1) NOT NULL
) ENGINE=InnoDB DEFAULT CHARSET=utf8 COLLATE=utf8_unicode_ci;

CREATE TABLE orders987654321 (
  product_id int(10) UNSIGNED NOT NULL,
  category_id int(10) UNSIGNED NOT NULL,
  product_name varchar(50) NOT NULL,
  description varchar(200) DEFAULT NULL,
  price decimal(5,2) UNSIGNED NOT NULL,
  quantity int(10) UNSIGNED NOT NULL,
  number_table int(3) UNSIGNED NOT NULL,
  date_time timestamp NOT NULL DEFAULT current_timestamp() ON UPDATE current_timestamp(),
  isActive tinyint(1) NOT NULL
) ENGINE=InnoDB DEFAULT CHARSET=utf8 COLLATE=utf8_unicode_ci;

CREATE TABLE products318046503 (
  product_id int(10) UNSIGNED NOT NULL,
  category_id int(10) UNSIGNED NOT NULL,
  product_name varchar(50) NOT NULL,
  description varchar(200) DEFAULT NULL,
  price decimal(5,2) UNSIGNED NOT NULL
) ENGINE=InnoDB DEFAULT CHARSET=utf8 COLLATE=utf8_unicode_ci;

INSERT INTO products318046503 (product_id, category_id, product_name, description, price) VALUES
(1, 1, 'Nescafe Frappe', '-', 2.50),
(2, 1, 'Nescafe Frappe Baileys', '-', 2.80),
(3, 1, 'Freddo espresso', '-', 3.00),
(4, 1, 'Freddo cappuccino', '-', 3.50),
(5, 1, 'Iced latte', '-', 4.00),
(6, 1, 'Nescafe', '-', 2.50),
(7, 1, 'Espresso', 'Μονός', 2.70),
(8, 1, 'Espresso', 'Διπλός', 3.50),
(9, 1, 'Cappuccino', 'Μονός', 2.70),
(10, 1, 'Cappuccino', 'Διπλός', 3.70),
(11, 1, 'Latte', '-', 3.50),
(12, 1, 'Ελληνικός', 'Μονός', 2.00),
(13, 1, 'Ελληνικός', 'Διπλός', 2.50),
(14, 1, 'Καφές φίλτρου', '-', 2.50),
(15, 1, 'Καφές φίλτρου', 'Βανίλια', 3.00),
(16, 1, 'Καφές φίλτρου', 'Φουντούκι', 3.00),
(17, 1, 'Καφές φίλτρου', 'Amaretto', 3.00),
(18, 2, 'Σοκολάτα', 'Ζεστή', 3.00),
(19, 2, 'Σοκολάτα', 'Κρύα', 3.00),
(20, 2, 'Σοκολάτα', 'Λευκή Ζεστή', 3.20),
(21, 2, 'Σοκολάτα', 'Λευκή Κρύα', 3.20),
(22, 2, 'Σοκολάτα', 'Βιενουά', 3.50),
(23, 2, 'Χυμός πορτοκάλι Ποτήρι', 'Φυσικός χυμός πορτοκάλι', 5.00),
(24, 2, 'Χυμός ανάμεικτος Ποτήρι', 'Φυσικός χυμός ανάμεικτος, μπανάνα, φράουλες, πορτοκάλι, καρότο', 6.00),
(25, 2, 'Χυμός ανάμεικτος Ποτήρι', 'Φυσικός χυμός ανάμεικτος, ανανάς, μπανάνα, μήλο', 6.00),
(26, 2, 'Χυμός Amita Ποτήρι', 'Amita Motion', 3.50),
(27, 2, 'Τσάι Ζεστό', 'Ροδάκινο', 2.00),
(28, 2, 'Τσάι Ζεστό', 'Λεμόνι', 2.00),
(29, 2, 'Τσάι Ζεστό', 'Φρούτα του δάσους', 2.00),
(30, 2, 'Τσάι Κρύο', 'Ροδάκινο', 2.00),
(31, 2, 'Τσάι Κρύο', 'Λεμόνι', 2.00),
(32, 2, 'Τσάι Κρύο', 'Φρούτα του δάσους', 2.00),
(33, 2, 'Τσάι AriZona', 'Blueberry', 3.00),
(34, 2, 'Τσάι AriZona', 'Λεμόνι', 3.00),
(35, 2, 'Τσάι AriZona', 'Ροδάκινο', 3.00),
(36, 2, 'Τσάι AriZona', 'Ρόδι', 3.00),
(37, 2, 'Milkshake 1', 'Σοκολάτα, μπανάνα, μπισκότο', 5.50),
(38, 2, 'Milkshake 2', 'Βανίλια, φρέσκα φρούτα, μπισκότο', 5.50),
(39, 10, 'Πρωινό 1', 'Αυγά μάτια, bacon, φρέσκο ψωμί', 4.50),
(40, 10, 'Πρωινό 2', 'Αυγά μάτια, bacon, φρέσκο ψωμί, κρουασάν βουτύρου', 5.00),
(41, 10, 'Πρωινό 2', 'Αυγά μάτια, bacon, φρέσκο ψωμί, κρουασάν σοκολάτας, κρουασάν βουτύρου', 5.50),
(42, 11, 'Βάφλα Banana Dream', 'Φρεσκοψημένη βάφλα με μπανάνα, πραλίνα, τριμμένο μπισκότο, σαντιγύ', 6.00),
(43, 11, 'Βάφλα Chocolate Dream', 'Φρεσκοψημένη βάφλα με μπανάνα, πραλίνα, τριμμένο μπισκότο, 1 μπάλα παγωτό σοκολάτα', 6.50),
(44, 11, 'Βάφλα White Dream 1', 'Φρεσκοψημένη βάφλα με μπανάνα, πραλίνα, τριμμένο μπισκότο, 1 μπάλα παγωτό βανίλια', 6.50),
(45, 11, 'Βάφλα White Dream 2', 'Φρεσκοψημένη βάφλα με μπανάνα, πραλίνα, τριμμένο μπισκότο, 1 μπάλα παγωτό καϊμάκι', 6.50),
(46, 11, 'Βάφλα Mix Dream 1', 'Φρεσκοψημένη βάφλα με μπανάνα, πραλίνα, τριμμένο μπισκότο, παγωτό σοκολάτα και βανίλια', 7.00),
(47, 11, 'Βάφλα Mix Dream 2', 'Φρεσκοψημένη βάφλα με μπανάνα, πραλίνα, τριμμένο μπισκότο, παγωτό σοκολάτα και καϊμάκι', 7.00),
(48, 3, 'Coca-Cola', 'Φιάλη 250ml', 3.00),
(49, 3, 'Fanta Μπλε', 'Φιάλη 250ml', 3.00),
(50, 3, 'Fanta Κόκκινη', 'Φιάλη 250ml', 3.00),
(51, 4, 'ΑΛΦΑ Draft', '330ml', 3.00),
(52, 4, 'ΑΛΦΑ Draft', '500ml', 3.60),
(53, 4, 'ΒΑΠ', '330ml', 3.20),
(54, 4, 'ΒΕΡΓΙΝΑ', '500ml', 3.50),
(55, 4, 'ΜΑΜΟΣ', '500ml', 4.20),
(56, 4, 'Amstel', '500ml', 4.00),
(57, 4, 'Amstel Dark', '330ml', 3.60),
(58, 4, 'Amstel Radler', '330ml', 4.50),
(59, 4, 'Corona', '335ml', 4.80),
(60, 4, 'Erdinger Weiss', '500ml', 5.00),
(61, 4, 'Fischer', '500ml', 5.00),
(62, 4, 'FIX', '500ml', 3.80),
(63, 4, 'FIX Dark', '500ml', 4.00),
(64, 4, 'Guinness Original', '330ml', 3.80),
(65, 4, 'Guinness Draught Bottle', '330ml', 3.50),
(66, 4, 'Guinness Special Export Bottle', '330ml', 4.00),
(67, 4, 'Heineken', '330ml', 3.80),
(68, 4, 'Heineken', '500ml', 4.20),
(69, 4, 'Kaiser Pilsner', '500ml', 4.90),
(70, 4, 'Mythos', '500ml', 4.20),
(71, 4, 'Sol', '335ml', 5.00),
(72, 5, 'Ερυθρός Ξηρός', 'Χύμα 250ml', 2.40),
(73, 5, 'Ερυθρός Ξηρός', 'Χύμα 500ml', 4.00),
(74, 5, 'Ημίγλυκο', 'Χύμα 250ml', 2.40),
(75, 5, 'Ημίγλυκο', 'Χύμα 500ml', 4.00),
(76, 5, 'Κρασί Ποτήρι', 'Ερυθρός Ξηρός', 2.00),
(77, 5, 'Κρασί Ποτήρι', 'Λευκός Ξηρός', 2.00),
(78, 5, 'Κρασί Ποτήρι', 'Ημίγλυκο', 2.00),
(79, 5, 'Λευκός Ξηρός', 'Χύμα 250ml', 2.40),
(80, 5, 'Λευκός Ξηρός', 'Χύμα 500ml', 4.00),
(81, 5, 'Τσίπουρο Τυρνάβου', 'Φιάλη Τυρνάβου χωρίς γλυκάνισο 200ml', 4.00),
(82, 5, 'Τσίπουρο Τυρνάβου', 'Φιάλη Τυρνάβου με γλυκάνισο 200ml', 4.50),
(83, 5, 'Ούζο ΜΙΝΙ', 'Φιάλη 200ml', 4.00),
(84, 5, 'Ούζο Τυρνάβου', 'Φιάλη 200ml', 3.50),
(85, 5, 'Ούζο Πλωμάρι', 'Φιάλη 200ml', 3.50),
(86, 5, 'Ούζο 12', 'Φιάλη 200ml', 4.50),
(87, 5, 'Τσίπουρο Ποτήρι', 'Χύμα', 2.00),
(88, 5, 'Ούζο Ποτήρι', 'Χύμα', 2.50),
(89, 6, 'Ουίσκι', 'Chivas Regal', 5.50),
(90, 6, 'Ουίσκι', 'Johnnie Walker', 5.00),
(91, 6, 'Ουίσκι', 'Jameson', 6.00),
(92, 6, 'Βότκα', 'Stolichnaya', 5.50),
(93, 6, 'Βότκα', 'Absolut', 5.00),
(94, 7, 'Mojito', 'White rum, soda water, mint leaves, sugar syrup, lime juice, mint sprigs', 7.00),
(95, 7, 'Bloody Mary', 'Vodka, tomato juice, lemon, tabasco sauce, pepper, celery, lemon wedge', 8.00),
(96, 7, 'French Martini', 'Vodka, french raspberry liqueur, pineapple juice, lemon', 7.50),
(97, 7, 'Cosmopolitan', 'Vodka, orange liqueur, lime twist, cranberry juice, lime juice', 8.50),
(98, 8, 'FIX Άνευ', '500ml', 3.80),
(99, 8, 'ΑΛΦΑ Χωρίς Αλκοόλ', '500ml', 4.00),
(100, 8, 'Amstel Free', '500ml', 4.20),
(101, 9, 'Τοστ', 'Γαλοπούλα, τυρί, μαγιονέζα', 2.00),
(102, 9, 'Τοστ', 'Ζαμπόν, τυρί, μαγιονέζα', 2.00),
(103, 10, 'Club sandwich', 'Γαλοπούλα, τυρί, μαγιονέζα, μαρούλι, ντομάτα', 4.50),
(104, 10, 'Club sandwich', 'Ζαμπόν, τυρί, μαγιονέζα, μαρούλι, ντομάτα', 4.50),
(105, 10, 'Burger Απλό', 'Μπιφτέκι μοσχαρίσιο, bacon, cheddar, σως, μαρούλι, ντομάτα', 5.00),
(106, 10, 'Burger Deluxe', 'Μπιφτέκι μοσχαρίσιο, bacon, cheddar, καραμελωμένα κρεμμύδια, σως, μαρούλι, ντομάτα και διπλή μερίδα πατάτες', 5.00),
(107, 11, 'Σουφλέ Σοκολάτας', '-', 4.00),
(108, 11, 'Σουφλέ Σοκολάτας', '+ παγωτό καϊμάκι', 4.50),
(109, 11, 'Σουφλέ Σοκολάτας', '+ παγωτό βανίλια', 4.50),
(110, 11, 'Σουφλέ Σοκολάτας', '+ παγωτό φράουλα', 4.50),
(111, 11, 'Σουφλέ Σοκολάτας', '+ παγωτό μπανάνα', 4.50),
(112, 11, 'Σουφλέ Σοκολάτας', '+ παγωτό σοκολάτα', 4.50),
(113, 11, 'Πορτοκαλόπιτα', '-', 3.50),
(114, 11, 'Πορτοκαλόπιτα', '+ παγωτό καϊμάκι', 4.00),
(115, 11, 'Πορτοκαλόπιτα', '+ παγωτό βανίλια', 4.00),
(116, 11, 'Πορτοκαλόπιτα', '+ παγωτό φράουλα', 4.00),
(117, 11, 'Πορτοκαλόπιτα', '+ παγωτό μπανάνα', 4.00),
(118, 11, 'Πορτοκαλόπιτα', '+ παγωτό σοκολάτα', 4.00),
(119, 11, 'Μηλόπιτα', '-', 3.50),
(120, 11, 'Banoffee', '-', 4.50),
(121, 2, 'Χυμός πορτοκάλι Ποτήρι', 'Φυσικός χυμός πορτοκάλι', 5.50),
(122, 2, 'Χυμός ανάμεικτος Ποτήρι', 'Φυσικός χυμός ανάμεικτος, μπανάνα, φράουλες, πορτοκάλι, καρότο', 6.00),
(123, 2, 'Χυμός ανάμεικτος Ποτήρι', 'Φυσικός χυμός ανάμεικτος, ανανάς, μπανάνα, μήλο', 6.00),
(124, 2, 'Χυμός Amita Ποτήρι', 'Amita Motion', 3.80),
(125, 3, 'Coca-Cola', 'Φιάλη 250ml', 3.80),
(126, 3, 'Fanta Μπλε', 'Φιάλη 250ml', 3.80),
(127, 3, 'Fanta Κόκκινη', 'Φιάλη 250ml', 3.80),
(128, 3, 'RedBull', '250ml', 4.50),
(129, 4, 'ΜΑΜΟΣ', '500ml', 4.50),
(130, 4, 'Amstel', '500ml', 4.00),
(131, 4, 'Amstel Dark', '330ml', 4.50),
(132, 4, 'Amstel Radler', '330ml', 5.00),
(133, 4, 'Corona', '335ml', 5.50),
(134, 4, 'Erdinger Weiss', '500ml', 6.50),
(135, 4, 'Fischer', '500ml', 5.00),
(136, 4, 'FIX', '500ml', 4.20),
(137, 4, 'FIX Dark', '500ml', 4.20),
(138, 4, 'Guinness Original', '330ml', 5.50),
(139, 4, 'Guinness Draught Bottle', '330ml', 5.50),
(140, 4, 'Guinness Special Export Bottle', '330ml', 5.50),
(141, 4, 'Heineken', '330ml', 4.20),
(142, 4, 'Heineken', '500ml', 4.70),
(143, 4, 'Kaiser Pilsner', '500ml', 5.00),
(144, 4, 'Leffe Blond', '330ml', 5.00),
(145, 4, 'Mythos', '500ml', 4.50),
(146, 4, 'Paulaner Salvator', '330ml', 5.50),
(147, 4, 'Paulaner Weissbier', '330ml', 5.50),
(148, 4, 'Sol', '335ml', 5.00),
(149, 4, 'Weihenstephaner Vitus', '500ml', 6.50),
(150, 4, 'Weihenstephaner Hefe Weissbier', '500ml', 6.50),
(151, 4, 'Weihenstephaner Korbinian', '500ml', 7.00),
(152, 5, 'Τέσσερις Λίμνες - ΚΤΗΜΑ ΚΥΡ. ΓΙΑΝΝΗ', 'Λευκός Ξηρός', 24.00),
(153, 5, 'Παράγκα - ΚΤΗΜΑ ΚΥΡ. ΓΙΑΝΝΗ', 'Λευκός Ξηρός', 19.00),
(154, 5, 'Ράμνιστα - ΚΤΗΜΑ ΚΥΡ. ΓΙΑΝΝΗ', 'Ερυθρός Ξηρός', 28.00),
(155, 5, 'Το μαύρο πρόβατο - Nico Lazaridi', 'Ερυθρός Ξηρός', 24.00),
(156, 5, 'Κρασί Ποτήρι', 'Ερυθρός Ξηρός', 4.00),
(157, 5, 'Κρασί Ποτήρι', 'Λευκός Ξηρός', 4.00),
(158, 5, 'Κρασί Ποτήρι', 'Ημίγλυκο', 4.00),
(159, 5, 'Τσίπουρο Τυρνάβου', 'Φιάλη Τυρνάβου χωρίς γλυκάνισο 200ml', 5.00),
(160, 5, 'Τσίπουρο Τυρνάβου', 'Φιάλη Τυρνάβου με γλυκάνισο 200ml', 5.50),
(161, 5, 'Ούζο ΜΙΝΙ', 'Φιάλη 200ml', 5.00),
(162, 5, 'Ούζο Τυρνάβου', 'Φιάλη 200ml', 5.00),
(163, 5, 'Ούζο Πλωμάρι', 'Φιάλη 200ml', 5.00),
(164, 5, 'Ούζο 12', 'Φιάλη 200ml', 5.00),
(165, 6, 'Ουίσκι', 'Chivas Regal', 6.50),
(166, 6, 'Ουίσκι', 'Johnnie Walker', 6.50),
(167, 6, 'Ουίσκι', 'Jameson', 6.50),
(168, 6, 'Βότκα', 'Stolichnaya', 6.00),
(169, 6, 'Βότκα', 'Absolut', 6.00),
(170, 7, 'Mojito', 'White rum, soda water, mint leaves, sugar syrup, lime juice, mint sprigs', 8.00),
(171, 7, 'Bloody Mary', 'Vodka, tomato juice, lemon, tabasco sauce, pepper, celery, lemon wedge', 9.00),
(172, 7, 'French Martini', 'Vodka, french raspberry liqueur, pineapple juice, lemon', 8.00),
(173, 7, 'Cosmopolitan', 'Vodka, orange liqueur, lime twist, cranberry juice, lime juice', 9.00),
(174, 7, 'The Apple Jack', 'Jack Daniels Whiskey, Goldschlager, natural apple, soda', 12.00),
(175, 7, 'Strawberry Daiquiri', 'White rum, fresh lime juice, sugar syrup, fresh chopped strawberries', 11.00),
(176, 7, 'Caipirinha', 'Cachaca, brown sugar, lime', 10.00),
(177, 7, 'Cuba Libre', 'White rum, Coca-Cola, lime, lemon slice', 12.00),
(178, 7, 'Apple Martini', 'Vodka, green apple juice, Cointreau, lime', 10.50),
(179, 7, 'Pina Colada', 'Rum, coconut, pineapple', 12.00),
(180, 8, 'FIX Άνευ', '500ml', 4.50),
(181, 8, 'ΑΛΦΑ Χωρίς Αλκοόλ', '500ml', 4.80),
(182, 8, 'Amstel Free', '500ml', 4.90),
(183, 10, 'Ποικιλία κρεατικών μικρή', 'Φιλέτο κοτόπουλο, λουκάνικο, μπιφτέκι μοσχαρίσιο, μπριζολάκια χοιρινά, πατάτες, πιτούλες', 7.00),
(184, 10, 'Ποικιλία κρεατικών μεγάλη', 'Φιλέτο κοτόπουλο, λουκάνικο, μπιφτέκι μοσχαρίσιο, μπριζολάκια και πανσετάκια χοιρινά, πατάτες, πιτούλες, τζατζίκι', 11.00),
(185, 10, 'Ποικιλία τυριών μικρή', 'Ποικιλία 4 τυριών', 5.00),
(186, 10, 'Ποικιλία τυριών μεγάλη', 'Ποικιλία 6 τυριών', 7.00);

CREATE TABLE products543782460 (
  product_id int(10) UNSIGNED NOT NULL,
  category_id int(10) UNSIGNED NOT NULL,
  product_name varchar(50) NOT NULL,
  description varchar(200) DEFAULT NULL,
  price decimal(5,2) UNSIGNED NOT NULL
) ENGINE=InnoDB DEFAULT CHARSET=utf8 COLLATE=utf8_unicode_ci;

INSERT INTO products543782460 (product_id, category_id, product_name, description, price) VALUES
(1, 1, 'Nescafe Frappe', '-', 2.50),
(2, 1, 'Nescafe Frappe Baileys', '-', 2.80),
(3, 1, 'Freddo espresso', '-', 3.00),
(4, 1, 'Freddo cappuccino', '-', 3.50),
(5, 1, 'Iced latte', '-', 4.00),
(6, 1, 'Nescafe', '-', 2.50),
(7, 1, 'Espresso', 'Μονός', 2.70),
(8, 1, 'Espresso', 'Διπλός', 3.50),
(9, 1, 'Cappuccino', 'Μονός', 2.70),
(10, 1, 'Cappuccino', 'Διπλός', 3.70),
(11, 1, 'Latte', '-', 3.50),
(12, 1, 'Ελληνικός', 'Μονός', 2.00),
(13, 1, 'Ελληνικός', 'Διπλός', 2.50),
(14, 1, 'Καφές φίλτρου', '-', 2.50),
(15, 1, 'Καφές φίλτρου', 'Βανίλια', 3.00),
(16, 1, 'Καφές φίλτρου', 'Φουντούκι', 3.00),
(17, 1, 'Καφές φίλτρου', 'Amaretto', 3.00),
(18, 2, 'Σοκολάτα', 'Ζεστή', 3.00),
(19, 2, 'Σοκολάτα', 'Κρύα', 3.00),
(20, 2, 'Σοκολάτα', 'Λευκή Ζεστή', 3.20),
(21, 2, 'Σοκολάτα', 'Λευκή Κρύα', 3.20),
(22, 2, 'Σοκολάτα', 'Βιενουά', 3.50),
(23, 2, 'Χυμός πορτοκάλι Ποτήρι', 'Φυσικός χυμός πορτοκάλι', 5.00),
(24, 2, 'Χυμός ανάμεικτος Ποτήρι', 'Φυσικός χυμός ανάμεικτος, μπανάνα, φράουλες, πορτοκάλι, καρότο', 6.00),
(25, 2, 'Χυμός ανάμεικτος Ποτήρι', 'Φυσικός χυμός ανάμεικτος, ανανάς, μπανάνα, μήλο', 6.00),
(26, 2, 'Χυμός Amita Ποτήρι', 'Amita Motion', 3.50),
(27, 2, 'Τσάι Ζεστό', 'Ροδάκινο', 2.00),
(28, 2, 'Τσάι Ζεστό', 'Λεμόνι', 2.00),
(29, 2, 'Τσάι Ζεστό', 'Φρούτα του δάσους', 2.00),
(30, 2, 'Τσάι Κρύο', 'Ροδάκινο', 2.00),
(31, 2, 'Τσάι Κρύο', 'Λεμόνι', 2.00),
(32, 2, 'Τσάι Κρύο', 'Φρούτα του δάσους', 2.00),
(33, 2, 'Τσάι AriZona', 'Blueberry', 3.00),
(34, 2, 'Τσάι AriZona', 'Λεμόνι', 3.00),
(35, 2, 'Τσάι AriZona', 'Ροδάκινο', 3.00),
(36, 2, 'Τσάι AriZona', 'Ρόδι', 3.00),
(37, 2, 'Milkshake 1', 'Σοκολάτα, μπανάνα, μπισκότο', 5.50),
(38, 2, 'Milkshake 2', 'Βανίλια, φρέσκα φρούτα, μπισκότο', 5.50),
(39, 10, 'Πρωινό 1', 'Αυγά μάτια, bacon, φρέσκο ψωμί', 4.50),
(40, 10, 'Πρωινό 2', 'Αυγά μάτια, bacon, φρέσκο ψωμί, κρουασάν βουτύρου', 5.00),
(41, 10, 'Πρωινό 2', 'Αυγά μάτια, bacon, φρέσκο ψωμί, κρουασάν σοκολάτας, κρουασάν βουτύρου', 5.50),
(42, 11, 'Βάφλα Banana Dream', 'Φρεσκοψημένη βάφλα με μπανάνα, πραλίνα, τριμμένο μπισκότο, σαντιγύ', 6.00),
(43, 11, 'Βάφλα Chocolate Dream', 'Φρεσκοψημένη βάφλα με μπανάνα, πραλίνα, τριμμένο μπισκότο, 1 μπάλα παγωτό σοκολάτα', 6.50),
(44, 11, 'Βάφλα White Dream 1', 'Φρεσκοψημένη βάφλα με μπανάνα, πραλίνα, τριμμένο μπισκότο, 1 μπάλα παγωτό βανίλια', 6.50),
(45, 11, 'Βάφλα White Dream 2', 'Φρεσκοψημένη βάφλα με μπανάνα, πραλίνα, τριμμένο μπισκότο, 1 μπάλα παγωτό καϊμάκι', 6.50),
(46, 11, 'Βάφλα Mix Dream 1', 'Φρεσκοψημένη βάφλα με μπανάνα, πραλίνα, τριμμένο μπισκότο, παγωτό σοκολάτα και βανίλια', 7.00),
(47, 11, 'Βάφλα Mix Dream 2', 'Φρεσκοψημένη βάφλα με μπανάνα, πραλίνα, τριμμένο μπισκότο, παγωτό σοκολάτα και καϊμάκι', 7.00),
(48, 3, 'Coca-Cola', 'Φιάλη 250ml', 3.00),
(49, 3, 'Fanta Μπλε', 'Φιάλη 250ml', 3.00),
(50, 3, 'Fanta Κόκκινη', 'Φιάλη 250ml', 3.00),
(51, 4, 'ΑΛΦΑ Draft', '330ml', 3.00),
(52, 4, 'ΑΛΦΑ Draft', '500ml', 3.60),
(53, 4, 'ΒΑΠ', '330ml', 3.20),
(54, 4, 'ΒΕΡΓΙΝΑ', '500ml', 3.50),
(55, 4, 'ΜΑΜΟΣ', '500ml', 4.20),
(56, 4, 'Amstel', '500ml', 4.00),
(57, 4, 'Amstel Dark', '330ml', 3.60),
(58, 4, 'Amstel Radler', '330ml', 4.50),
(59, 4, 'Corona', '335ml', 4.80),
(60, 4, 'Erdinger Weiss', '500ml', 5.00),
(61, 4, 'Fischer', '500ml', 5.00),
(62, 4, 'FIX', '500ml', 3.80),
(63, 4, 'FIX Dark', '500ml', 4.00),
(64, 4, 'Guinness Original', '330ml', 3.80),
(65, 4, 'Guinness Draught Bottle', '330ml', 3.50),
(66, 4, 'Guinness Special Export Bottle', '330ml', 4.00),
(67, 4, 'Heineken', '330ml', 3.80),
(68, 4, 'Heineken', '500ml', 4.20),
(69, 4, 'Kaiser Pilsner', '500ml', 4.90),
(70, 4, 'Mythos', '500ml', 4.20),
(71, 4, 'Sol', '335ml', 5.00),
(72, 5, 'Ερυθρός Ξηρός', 'Χύμα 250ml', 2.40),
(73, 5, 'Ερυθρός Ξηρός', 'Χύμα 500ml', 4.00),
(74, 5, 'Ημίγλυκο', 'Χύμα 250ml', 2.40),
(75, 5, 'Ημίγλυκο', 'Χύμα 500ml', 4.00),
(76, 5, 'Κρασί Ποτήρι', 'Ερυθρός Ξηρός', 2.00),
(77, 5, 'Κρασί Ποτήρι', 'Λευκός Ξηρός', 2.00),
(78, 5, 'Κρασί Ποτήρι', 'Ημίγλυκο', 2.00),
(79, 5, 'Λευκός Ξηρός', 'Χύμα 250ml', 2.40),
(80, 5, 'Λευκός Ξηρός', 'Χύμα 500ml', 4.00),
(81, 5, 'Τσίπουρο Τυρνάβου', 'Φιάλη Τυρνάβου χωρίς γλυκάνισο 200ml', 4.00),
(82, 5, 'Τσίπουρο Τυρνάβου', 'Φιάλη Τυρνάβου με γλυκάνισο 200ml', 4.50),
(83, 5, 'Ούζο ΜΙΝΙ', 'Φιάλη 200ml', 4.00),
(84, 5, 'Ούζο Τυρνάβου', 'Φιάλη 200ml', 3.50),
(85, 5, 'Ούζο Πλωμάρι', 'Φιάλη 200ml', 3.50),
(86, 5, 'Ούζο 12', 'Φιάλη 200ml', 4.50),
(87, 5, 'Τσίπουρο Ποτήρι', 'Χύμα', 2.00),
(88, 5, 'Ούζο Ποτήρι', 'Χύμα', 2.50),
(89, 6, 'Ουίσκι', 'Chivas Regal', 5.50),
(90, 6, 'Ουίσκι', 'Johnnie Walker', 5.00),
(91, 6, 'Ουίσκι', 'Jameson', 6.00),
(92, 6, 'Βότκα', 'Stolichnaya', 5.50),
(93, 6, 'Βότκα', 'Absolut', 5.00),
(94, 7, 'Mojito', 'White rum, soda water, mint leaves, sugar syrup, lime juice, mint sprigs', 7.00),
(95, 7, 'Bloody Mary', 'Vodka, tomato juice, lemon, tabasco sauce, pepper, celery, lemon wedge', 8.00),
(96, 7, 'French Martini', 'Vodka, french raspberry liqueur, pineapple juice, lemon', 7.50),
(97, 7, 'Cosmopolitan', 'Vodka, orange liqueur, lime twist, cranberry juice, lime juice', 8.50),
(98, 8, 'FIX Άνευ', '500ml', 3.80),
(99, 8, 'ΑΛΦΑ Χωρίς Αλκοόλ', '500ml', 4.00),
(100, 8, 'Amstel Free', '500ml', 4.20),
(101, 9, 'Τοστ', 'Γαλοπούλα, τυρί, μαγιονέζα', 2.00),
(102, 9, 'Τοστ', 'Ζαμπόν, τυρί, μαγιονέζα', 2.00),
(103, 10, 'Club sandwich', 'Γαλοπούλα, τυρί, μαγιονέζα, μαρούλι, ντομάτα', 4.50),
(104, 10, 'Club sandwich', 'Ζαμπόν, τυρί, μαγιονέζα, μαρούλι, ντομάτα', 4.50),
(105, 10, 'Burger Απλό', 'Μπιφτέκι μοσχαρίσιο, bacon, cheddar, σως, μαρούλι, ντομάτα', 5.00),
(106, 10, 'Burger Deluxe', 'Μπιφτέκι μοσχαρίσιο, bacon, cheddar, καραμελωμένα κρεμμύδια, σως, μαρούλι, ντομάτα και διπλή μερίδα πατάτες', 5.00),
(107, 11, 'Σουφλέ Σοκολάτας', '-', 4.00),
(108, 11, 'Σουφλέ Σοκολάτας', '+ παγωτό καϊμάκι', 4.50),
(109, 11, 'Σουφλέ Σοκολάτας', '+ παγωτό βανίλια', 4.50),
(110, 11, 'Σουφλέ Σοκολάτας', '+ παγωτό φράουλα', 4.50),
(111, 11, 'Σουφλέ Σοκολάτας', '+ παγωτό μπανάνα', 4.50),
(112, 11, 'Σουφλέ Σοκολάτας', '+ παγωτό σοκολάτα', 4.50),
(113, 11, 'Πορτοκαλόπιτα', '-', 3.50),
(114, 11, 'Πορτοκαλόπιτα', '+ παγωτό καϊμάκι', 4.00),
(115, 11, 'Πορτοκαλόπιτα', '+ παγωτό βανίλια', 4.00),
(116, 11, 'Πορτοκαλόπιτα', '+ παγωτό φράουλα', 4.00),
(117, 11, 'Πορτοκαλόπιτα', '+ παγωτό μπανάνα', 4.00),
(118, 11, 'Πορτοκαλόπιτα', '+ παγωτό σοκολάτα', 4.00),
(119, 11, 'Μηλόπιτα', '-', 3.50),
(120, 11, 'Banoffee', '-', 4.50),
(121, 2, 'Χυμός πορτοκάλι Ποτήρι', 'Φυσικός χυμός πορτοκάλι', 5.50),
(122, 2, 'Χυμός ανάμεικτος Ποτήρι', 'Φυσικός χυμός ανάμεικτος, μπανάνα, φράουλες, πορτοκάλι, καρότο', 6.00),
(123, 2, 'Χυμός ανάμεικτος Ποτήρι', 'Φυσικός χυμός ανάμεικτος, ανανάς, μπανάνα, μήλο', 6.00),
(124, 2, 'Χυμός Amita Ποτήρι', 'Amita Motion', 3.80),
(125, 3, 'Coca-Cola', 'Φιάλη 250ml', 3.80),
(126, 3, 'Fanta Μπλε', 'Φιάλη 250ml', 3.80),
(127, 3, 'Fanta Κόκκινη', 'Φιάλη 250ml', 3.80),
(128, 3, 'RedBull', '250ml', 4.50),
(129, 4, 'ΜΑΜΟΣ', '500ml', 4.50),
(130, 4, 'Amstel', '500ml', 4.00),
(131, 4, 'Amstel Dark', '330ml', 4.50),
(132, 4, 'Amstel Radler', '330ml', 5.00),
(133, 4, 'Corona', '335ml', 5.50),
(134, 4, 'Erdinger Weiss', '500ml', 6.50),
(135, 4, 'Fischer', '500ml', 5.00),
(136, 4, 'FIX', '500ml', 4.20),
(137, 4, 'FIX Dark', '500ml', 4.20),
(138, 4, 'Guinness Original', '330ml', 5.50),
(139, 4, 'Guinness Draught Bottle', '330ml', 5.50),
(140, 4, 'Guinness Special Export Bottle', '330ml', 5.50),
(141, 4, 'Heineken', '330ml', 4.20),
(142, 4, 'Heineken', '500ml', 4.70),
(143, 4, 'Kaiser Pilsner', '500ml', 5.00),
(144, 4, 'Leffe Blond', '330ml', 5.00),
(145, 4, 'Mythos', '500ml', 4.50),
(146, 4, 'Paulaner Salvator', '330ml', 5.50),
(147, 4, 'Paulaner Weissbier', '330ml', 5.50),
(148, 4, 'Sol', '335ml', 5.00),
(149, 4, 'Weihenstephaner Vitus', '500ml', 6.50),
(150, 4, 'Weihenstephaner Hefe Weissbier', '500ml', 6.50),
(151, 4, 'Weihenstephaner Korbinian', '500ml', 7.00),
(152, 5, 'Τέσσερις Λίμνες - ΚΤΗΜΑ ΚΥΡ. ΓΙΑΝΝΗ', 'Λευκός Ξηρός', 24.00),
(153, 5, 'Παράγκα - ΚΤΗΜΑ ΚΥΡ. ΓΙΑΝΝΗ', 'Λευκός Ξηρός', 19.00),
(154, 5, 'Ράμνιστα - ΚΤΗΜΑ ΚΥΡ. ΓΙΑΝΝΗ', 'Ερυθρός Ξηρός', 28.00),
(155, 5, 'Το μαύρο πρόβατο - Nico Lazaridi', 'Ερυθρός Ξηρός', 24.00),
(156, 5, 'Κρασί Ποτήρι', 'Ερυθρός Ξηρός', 4.00),
(157, 5, 'Κρασί Ποτήρι', 'Λευκός Ξηρός', 4.00),
(158, 5, 'Κρασί Ποτήρι', 'Ημίγλυκο', 4.00),
(159, 5, 'Τσίπουρο Τυρνάβου', 'Φιάλη Τυρνάβου χωρίς γλυκάνισο 200ml', 5.00),
(160, 5, 'Τσίπουρο Τυρνάβου', 'Φιάλη Τυρνάβου με γλυκάνισο 200ml', 5.50),
(161, 5, 'Ούζο ΜΙΝΙ', 'Φιάλη 200ml', 5.00),
(162, 5, 'Ούζο Τυρνάβου', 'Φιάλη 200ml', 5.00),
(163, 5, 'Ούζο Πλωμάρι', 'Φιάλη 200ml', 5.00),
(164, 5, 'Ούζο 12', 'Φιάλη 200ml', 5.00),
(165, 6, 'Ουίσκι', 'Chivas Regal', 6.50),
(166, 6, 'Ουίσκι', 'Johnnie Walker', 6.50),
(167, 6, 'Ουίσκι', 'Jameson', 6.50),
(168, 6, 'Βότκα', 'Stolichnaya', 6.00),
(169, 6, 'Βότκα', 'Absolut', 6.00),
(170, 7, 'Mojito', 'White rum, soda water, mint leaves, sugar syrup, lime juice, mint sprigs', 8.00),
(171, 7, 'Bloody Mary', 'Vodka, tomato juice, lemon, tabasco sauce, pepper, celery, lemon wedge', 9.00),
(172, 7, 'French Martini', 'Vodka, french raspberry liqueur, pineapple juice, lemon', 8.00),
(173, 7, 'Cosmopolitan', 'Vodka, orange liqueur, lime twist, cranberry juice, lime juice', 9.00),
(174, 7, 'The Apple Jack', 'Jack Daniels Whiskey, Goldschlager, natural apple, soda', 12.00),
(175, 7, 'Strawberry Daiquiri', 'White rum, fresh lime juice, sugar syrup, fresh chopped strawberries', 11.00),
(176, 7, 'Caipirinha', 'Cachaca, brown sugar, lime', 10.00),
(177, 7, 'Cuba Libre', 'White rum, Coca-Cola, lime, lemon slice', 12.00),
(178, 7, 'Apple Martini', 'Vodka, green apple juice, Cointreau, lime', 10.50),
(179, 7, 'Pina Colada', 'Rum, coconut, pineapple', 12.00),
(180, 8, 'FIX Άνευ', '500ml', 4.50),
(181, 8, 'ΑΛΦΑ Χωρίς Αλκοόλ', '500ml', 4.80),
(182, 8, 'Amstel Free', '500ml', 4.90),
(183, 10, 'Ποικιλία κρεατικών μικρή', 'Φιλέτο κοτόπουλο, λουκάνικο, μπιφτέκι μοσχαρίσιο, μπριζολάκια χοιρινά, πατάτες, πιτούλες', 7.00),
(184, 10, 'Ποικιλία κρεατικών μεγάλη', 'Φιλέτο κοτόπουλο, λουκάνικο, μπιφτέκι μοσχαρίσιο, μπριζολάκια και πανσετάκια χοιρινά, πατάτες, πιτούλες, τζατζίκι', 11.00),
(185, 10, 'Ποικιλία τυριών μικρή', 'Ποικιλία 4 τυριών', 5.00),
(186, 10, 'Ποικιλία τυριών μεγάλη', 'Ποικιλία 6 τυριών', 7.00);

CREATE TABLE products685724019 (
  product_id int(10) UNSIGNED NOT NULL,
  category_id int(10) UNSIGNED NOT NULL,
  product_name varchar(50) NOT NULL,
  description varchar(200) DEFAULT NULL,
  price decimal(5,2) UNSIGNED NOT NULL
) ENGINE=InnoDB DEFAULT CHARSET=utf8 COLLATE=utf8_unicode_ci;

INSERT INTO products685724019 (product_id, category_id, product_name, description, price) VALUES
(1, 1, 'Nescafe Frappe', '-', 2.50),
(2, 1, 'Nescafe Frappe Baileys', '-', 2.80),
(3, 1, 'Freddo espresso', '-', 3.00),
(4, 1, 'Freddo cappuccino', '-', 3.50),
(5, 1, 'Iced latte', '-', 4.00),
(6, 1, 'Nescafe', '-', 2.50),
(7, 1, 'Espresso', 'Μονός', 2.70),
(8, 1, 'Espresso', 'Διπλός', 3.50),
(9, 1, 'Cappuccino', 'Μονός', 2.70),
(10, 1, 'Cappuccino', 'Διπλός', 3.70),
(11, 1, 'Latte', '-', 3.50),
(12, 1, 'Ελληνικός', 'Μονός', 2.00),
(13, 1, 'Ελληνικός', 'Διπλός', 2.50),
(14, 1, 'Καφές φίλτρου', '-', 2.50),
(15, 1, 'Καφές φίλτρου', 'Βανίλια', 3.00),
(16, 1, 'Καφές φίλτρου', 'Φουντούκι', 3.00),
(17, 1, 'Καφές φίλτρου', 'Amaretto', 3.00),
(18, 2, 'Σοκολάτα', 'Ζεστή', 3.00),
(19, 2, 'Σοκολάτα', 'Κρύα', 3.00),
(20, 2, 'Σοκολάτα', 'Λευκή Ζεστή', 3.20),
(21, 2, 'Σοκολάτα', 'Λευκή Κρύα', 3.20),
(22, 2, 'Σοκολάτα', 'Βιενουά', 3.50),
(23, 2, 'Χυμός πορτοκάλι Ποτήρι', 'Φυσικός χυμός πορτοκάλι', 5.00),
(24, 2, 'Χυμός ανάμεικτος Ποτήρι', 'Φυσικός χυμός ανάμεικτος, μπανάνα, φράουλες, πορτοκάλι, καρότο', 6.00),
(25, 2, 'Χυμός ανάμεικτος Ποτήρι', 'Φυσικός χυμός ανάμεικτος, ανανάς, μπανάνα, μήλο', 6.00),
(26, 2, 'Χυμός Amita Ποτήρι', 'Amita Motion', 3.50),
(27, 2, 'Τσάι Ζεστό', 'Ροδάκινο', 2.00),
(28, 2, 'Τσάι Ζεστό', 'Λεμόνι', 2.00),
(29, 2, 'Τσάι Ζεστό', 'Φρούτα του δάσους', 2.00),
(30, 2, 'Τσάι Κρύο', 'Ροδάκινο', 2.00),
(31, 2, 'Τσάι Κρύο', 'Λεμόνι', 2.00),
(32, 2, 'Τσάι Κρύο', 'Φρούτα του δάσους', 2.00),
(33, 2, 'Τσάι AriZona', 'Blueberry', 3.00),
(34, 2, 'Τσάι AriZona', 'Λεμόνι', 3.00),
(35, 2, 'Τσάι AriZona', 'Ροδάκινο', 3.00),
(36, 2, 'Τσάι AriZona', 'Ρόδι', 3.00),
(37, 2, 'Milkshake 1', 'Σοκολάτα, μπανάνα, μπισκότο', 5.50),
(38, 2, 'Milkshake 2', 'Βανίλια, φρέσκα φρούτα, μπισκότο', 5.50),
(39, 10, 'Πρωινό 1', 'Αυγά μάτια, bacon, φρέσκο ψωμί', 4.50),
(40, 10, 'Πρωινό 2', 'Αυγά μάτια, bacon, φρέσκο ψωμί, κρουασάν βουτύρου', 5.00),
(41, 10, 'Πρωινό 2', 'Αυγά μάτια, bacon, φρέσκο ψωμί, κρουασάν σοκολάτας, κρουασάν βουτύρου', 5.50),
(42, 11, 'Βάφλα Banana Dream', 'Φρεσκοψημένη βάφλα με μπανάνα, πραλίνα, τριμμένο μπισκότο, σαντιγύ', 6.00),
(43, 11, 'Βάφλα Chocolate Dream', 'Φρεσκοψημένη βάφλα με μπανάνα, πραλίνα, τριμμένο μπισκότο, 1 μπάλα παγωτό σοκολάτα', 6.50),
(44, 11, 'Βάφλα White Dream 1', 'Φρεσκοψημένη βάφλα με μπανάνα, πραλίνα, τριμμένο μπισκότο, 1 μπάλα παγωτό βανίλια', 6.50),
(45, 11, 'Βάφλα White Dream 2', 'Φρεσκοψημένη βάφλα με μπανάνα, πραλίνα, τριμμένο μπισκότο, 1 μπάλα παγωτό καϊμάκι', 6.50),
(46, 11, 'Βάφλα Mix Dream 1', 'Φρεσκοψημένη βάφλα με μπανάνα, πραλίνα, τριμμένο μπισκότο, παγωτό σοκολάτα και βανίλια', 7.00),
(47, 11, 'Βάφλα Mix Dream 2', 'Φρεσκοψημένη βάφλα με μπανάνα, πραλίνα, τριμμένο μπισκότο, παγωτό σοκολάτα και καϊμάκι', 7.00),
(48, 3, 'Coca-Cola', 'Φιάλη 250ml', 3.00),
(49, 3, 'Fanta Μπλε', 'Φιάλη 250ml', 3.00),
(50, 3, 'Fanta Κόκκινη', 'Φιάλη 250ml', 3.00),
(51, 4, 'ΑΛΦΑ Draft', '330ml', 3.00),
(52, 4, 'ΑΛΦΑ Draft', '500ml', 3.60),
(53, 4, 'ΒΑΠ', '330ml', 3.20),
(54, 4, 'ΒΕΡΓΙΝΑ', '500ml', 3.50),
(55, 4, 'ΜΑΜΟΣ', '500ml', 4.20),
(56, 4, 'Amstel', '500ml', 4.00),
(57, 4, 'Amstel Dark', '330ml', 3.60),
(58, 4, 'Amstel Radler', '330ml', 4.50),
(59, 4, 'Corona', '335ml', 4.80),
(60, 4, 'Erdinger Weiss', '500ml', 5.00),
(61, 4, 'Fischer', '500ml', 5.00),
(62, 4, 'FIX', '500ml', 3.80),
(63, 4, 'FIX Dark', '500ml', 4.00),
(64, 4, 'Guinness Original', '330ml', 3.80),
(65, 4, 'Guinness Draught Bottle', '330ml', 3.50),
(66, 4, 'Guinness Special Export Bottle', '330ml', 4.00),
(67, 4, 'Heineken', '330ml', 3.80),
(68, 4, 'Heineken', '500ml', 4.20),
(69, 4, 'Kaiser Pilsner', '500ml', 4.90),
(70, 4, 'Mythos', '500ml', 4.20),
(71, 4, 'Sol', '335ml', 5.00),
(72, 5, 'Ερυθρός Ξηρός', 'Χύμα 250ml', 2.40),
(73, 5, 'Ερυθρός Ξηρός', 'Χύμα 500ml', 4.00),
(74, 5, 'Ημίγλυκο', 'Χύμα 250ml', 2.40),
(75, 5, 'Ημίγλυκο', 'Χύμα 500ml', 4.00),
(76, 5, 'Κρασί Ποτήρι', 'Ερυθρός Ξηρός', 2.00),
(77, 5, 'Κρασί Ποτήρι', 'Λευκός Ξηρός', 2.00),
(78, 5, 'Κρασί Ποτήρι', 'Ημίγλυκο', 2.00),
(79, 5, 'Λευκός Ξηρός', 'Χύμα 250ml', 2.40),
(80, 5, 'Λευκός Ξηρός', 'Χύμα 500ml', 4.00),
(81, 5, 'Τσίπουρο Τυρνάβου', 'Φιάλη Τυρνάβου χωρίς γλυκάνισο 200ml', 4.00),
(82, 5, 'Τσίπουρο Τυρνάβου', 'Φιάλη Τυρνάβου με γλυκάνισο 200ml', 4.50),
(83, 5, 'Ούζο ΜΙΝΙ', 'Φιάλη 200ml', 4.00),
(84, 5, 'Ούζο Τυρνάβου', 'Φιάλη 200ml', 3.50),
(85, 5, 'Ούζο Πλωμάρι', 'Φιάλη 200ml', 3.50),
(86, 5, 'Ούζο 12', 'Φιάλη 200ml', 4.50),
(87, 5, 'Τσίπουρο Ποτήρι', 'Χύμα', 2.00),
(88, 5, 'Ούζο Ποτήρι', 'Χύμα', 2.50),
(89, 6, 'Ουίσκι', 'Chivas Regal', 5.50),
(90, 6, 'Ουίσκι', 'Johnnie Walker', 5.00),
(91, 6, 'Ουίσκι', 'Jameson', 6.00),
(92, 6, 'Βότκα', 'Stolichnaya', 5.50),
(93, 6, 'Βότκα', 'Absolut', 5.00),
(94, 7, 'Mojito', 'White rum, soda water, mint leaves, sugar syrup, lime juice, mint sprigs', 7.00),
(95, 7, 'Bloody Mary', 'Vodka, tomato juice, lemon, tabasco sauce, pepper, celery, lemon wedge', 8.00),
(96, 7, 'French Martini', 'Vodka, french raspberry liqueur, pineapple juice, lemon', 7.50),
(97, 7, 'Cosmopolitan', 'Vodka, orange liqueur, lime twist, cranberry juice, lime juice', 8.50),
(98, 8, 'FIX Άνευ', '500ml', 3.80),
(99, 8, 'ΑΛΦΑ Χωρίς Αλκοόλ', '500ml', 4.00),
(100, 8, 'Amstel Free', '500ml', 4.20),
(101, 9, 'Τοστ', 'Γαλοπούλα, τυρί, μαγιονέζα', 2.00),
(102, 9, 'Τοστ', 'Ζαμπόν, τυρί, μαγιονέζα', 2.00),
(103, 10, 'Club sandwich', 'Γαλοπούλα, τυρί, μαγιονέζα, μαρούλι, ντομάτα', 4.50),
(104, 10, 'Club sandwich', 'Ζαμπόν, τυρί, μαγιονέζα, μαρούλι, ντομάτα', 4.50),
(105, 10, 'Burger Απλό', 'Μπιφτέκι μοσχαρίσιο, bacon, cheddar, σως, μαρούλι, ντομάτα', 5.00),
(106, 10, 'Burger Deluxe', 'Μπιφτέκι μοσχαρίσιο, bacon, cheddar, καραμελωμένα κρεμμύδια, σως, μαρούλι, ντομάτα και διπλή μερίδα πατάτες', 5.00),
(107, 11, 'Σουφλέ Σοκολάτας', '-', 4.00),
(108, 11, 'Σουφλέ Σοκολάτας', '+ παγωτό καϊμάκι', 4.50),
(109, 11, 'Σουφλέ Σοκολάτας', '+ παγωτό βανίλια', 4.50),
(110, 11, 'Σουφλέ Σοκολάτας', '+ παγωτό φράουλα', 4.50),
(111, 11, 'Σουφλέ Σοκολάτας', '+ παγωτό μπανάνα', 4.50),
(112, 11, 'Σουφλέ Σοκολάτας', '+ παγωτό σοκολάτα', 4.50),
(113, 11, 'Πορτοκαλόπιτα', '-', 3.50),
(114, 11, 'Πορτοκαλόπιτα', '+ παγωτό καϊμάκι', 4.00),
(115, 11, 'Πορτοκαλόπιτα', '+ παγωτό βανίλια', 4.00),
(116, 11, 'Πορτοκαλόπιτα', '+ παγωτό φράουλα', 4.00),
(117, 11, 'Πορτοκαλόπιτα', '+ παγωτό μπανάνα', 4.00),
(118, 11, 'Πορτοκαλόπιτα', '+ παγωτό σοκολάτα', 4.00),
(119, 11, 'Μηλόπιτα', '-', 3.50),
(120, 11, 'Banoffee', '-', 4.50),
(121, 2, 'Χυμός πορτοκάλι Ποτήρι', 'Φυσικός χυμός πορτοκάλι', 5.50),
(122, 2, 'Χυμός ανάμεικτος Ποτήρι', 'Φυσικός χυμός ανάμεικτος, μπανάνα, φράουλες, πορτοκάλι, καρότο', 6.00),
(123, 2, 'Χυμός ανάμεικτος Ποτήρι', 'Φυσικός χυμός ανάμεικτος, ανανάς, μπανάνα, μήλο', 6.00),
(124, 2, 'Χυμός Amita Ποτήρι', 'Amita Motion', 3.80),
(125, 3, 'Coca-Cola', 'Φιάλη 250ml', 3.80),
(126, 3, 'Fanta Μπλε', 'Φιάλη 250ml', 3.80),
(127, 3, 'Fanta Κόκκινη', 'Φιάλη 250ml', 3.80),
(128, 3, 'RedBull', '250ml', 4.50),
(129, 4, 'ΜΑΜΟΣ', '500ml', 4.50),
(130, 4, 'Amstel', '500ml', 4.00),
(131, 4, 'Amstel Dark', '330ml', 4.50),
(132, 4, 'Amstel Radler', '330ml', 5.00),
(133, 4, 'Corona', '335ml', 5.50),
(134, 4, 'Erdinger Weiss', '500ml', 6.50),
(135, 4, 'Fischer', '500ml', 5.00),
(136, 4, 'FIX', '500ml', 4.20),
(137, 4, 'FIX Dark', '500ml', 4.20),
(138, 4, 'Guinness Original', '330ml', 5.50),
(139, 4, 'Guinness Draught Bottle', '330ml', 5.50),
(140, 4, 'Guinness Special Export Bottle', '330ml', 5.50),
(141, 4, 'Heineken', '330ml', 4.20),
(142, 4, 'Heineken', '500ml', 4.70),
(143, 4, 'Kaiser Pilsner', '500ml', 5.00),
(144, 4, 'Leffe Blond', '330ml', 5.00),
(145, 4, 'Mythos', '500ml', 4.50),
(146, 4, 'Paulaner Salvator', '330ml', 5.50),
(147, 4, 'Paulaner Weissbier', '330ml', 5.50),
(148, 4, 'Sol', '335ml', 5.00),
(149, 4, 'Weihenstephaner Vitus', '500ml', 6.50),
(150, 4, 'Weihenstephaner Hefe Weissbier', '500ml', 6.50),
(151, 4, 'Weihenstephaner Korbinian', '500ml', 7.00),
(152, 5, 'Τέσσερις Λίμνες - ΚΤΗΜΑ ΚΥΡ. ΓΙΑΝΝΗ', 'Λευκός Ξηρός', 24.00),
(153, 5, 'Παράγκα - ΚΤΗΜΑ ΚΥΡ. ΓΙΑΝΝΗ', 'Λευκός Ξηρός', 19.00),
(154, 5, 'Ράμνιστα - ΚΤΗΜΑ ΚΥΡ. ΓΙΑΝΝΗ', 'Ερυθρός Ξηρός', 28.00),
(155, 5, 'Το μαύρο πρόβατο - Nico Lazaridi', 'Ερυθρός Ξηρός', 24.00),
(156, 5, 'Κρασί Ποτήρι', 'Ερυθρός Ξηρός', 4.00),
(157, 5, 'Κρασί Ποτήρι', 'Λευκός Ξηρός', 4.00),
(158, 5, 'Κρασί Ποτήρι', 'Ημίγλυκο', 4.00),
(159, 5, 'Τσίπουρο Τυρνάβου', 'Φιάλη Τυρνάβου χωρίς γλυκάνισο 200ml', 5.00),
(160, 5, 'Τσίπουρο Τυρνάβου', 'Φιάλη Τυρνάβου με γλυκάνισο 200ml', 5.50),
(161, 5, 'Ούζο ΜΙΝΙ', 'Φιάλη 200ml', 5.00),
(162, 5, 'Ούζο Τυρνάβου', 'Φιάλη 200ml', 5.00),
(163, 5, 'Ούζο Πλωμάρι', 'Φιάλη 200ml', 5.00),
(164, 5, 'Ούζο 12', 'Φιάλη 200ml', 5.00),
(165, 6, 'Ουίσκι', 'Chivas Regal', 6.50),
(166, 6, 'Ουίσκι', 'Johnnie Walker', 6.50),
(167, 6, 'Ουίσκι', 'Jameson', 6.50),
(168, 6, 'Βότκα', 'Stolichnaya', 6.00),
(169, 6, 'Βότκα', 'Absolut', 6.00),
(170, 7, 'Mojito', 'White rum, soda water, mint leaves, sugar syrup, lime juice, mint sprigs', 8.00),
(171, 7, 'Bloody Mary', 'Vodka, tomato juice, lemon, tabasco sauce, pepper, celery, lemon wedge', 9.00),
(172, 7, 'French Martini', 'Vodka, french raspberry liqueur, pineapple juice, lemon', 8.00),
(173, 7, 'Cosmopolitan', 'Vodka, orange liqueur, lime twist, cranberry juice, lime juice', 9.00),
(174, 7, 'The Apple Jack', 'Jack Daniels Whiskey, Goldschlager, natural apple, soda', 12.00),
(175, 7, 'Strawberry Daiquiri', 'White rum, fresh lime juice, sugar syrup, fresh chopped strawberries', 11.00),
(176, 7, 'Caipirinha', 'Cachaca, brown sugar, lime', 10.00),
(177, 7, 'Cuba Libre', 'White rum, Coca-Cola, lime, lemon slice', 12.00),
(178, 7, 'Apple Martini', 'Vodka, green apple juice, Cointreau, lime', 10.50),
(179, 7, 'Pina Colada', 'Rum, coconut, pineapple', 12.00),
(180, 8, 'FIX Άνευ', '500ml', 4.50),
(181, 8, 'ΑΛΦΑ Χωρίς Αλκοόλ', '500ml', 4.80),
(182, 8, 'Amstel Free', '500ml', 4.90),
(183, 10, 'Ποικιλία κρεατικών μικρή', 'Φιλέτο κοτόπουλο, λουκάνικο, μπιφτέκι μοσχαρίσιο, μπριζολάκια χοιρινά, πατάτες, πιτούλες', 7.00),
(184, 10, 'Ποικιλία κρεατικών μεγάλη', 'Φιλέτο κοτόπουλο, λουκάνικο, μπιφτέκι μοσχαρίσιο, μπριζολάκια και πανσετάκια χοιρινά, πατάτες, πιτούλες, τζατζίκι', 11.00),
(185, 10, 'Ποικιλία τυριών μικρή', 'Ποικιλία 4 τυριών', 5.00),
(186, 10, 'Ποικιλία τυριών μεγάλη', 'Ποικιλία 6 τυριών', 7.00);

CREATE TABLE products731982460 (
  product_id int(10) UNSIGNED NOT NULL,
  category_id int(10) UNSIGNED NOT NULL,
  product_name varchar(50) NOT NULL,
  description varchar(200) DEFAULT NULL,
  price decimal(5,2) UNSIGNED NOT NULL
) ENGINE=InnoDB DEFAULT CHARSET=utf8 COLLATE=utf8_unicode_ci;

INSERT INTO products731982460 (product_id, category_id, product_name, description, price) VALUES
(1, 1, 'Nescafe Frappe', '-', 2.50),
(2, 1, 'Nescafe Frappe Baileys', '-', 2.80),
(3, 1, 'Freddo espresso', '-', 3.00),
(4, 1, 'Freddo cappuccino', '-', 3.50),
(5, 1, 'Iced latte', '-', 4.00),
(6, 1, 'Nescafe', '-', 2.50),
(7, 1, 'Espresso', 'Μονός', 2.70),
(8, 1, 'Espresso', 'Διπλός', 3.50),
(9, 1, 'Cappuccino', 'Μονός', 2.70),
(10, 1, 'Cappuccino', 'Διπλός', 3.70),
(11, 1, 'Latte', '-', 3.50),
(12, 1, 'Ελληνικός', 'Μονός', 2.00),
(13, 1, 'Ελληνικός', 'Διπλός', 2.50),
(14, 1, 'Καφές φίλτρου', '-', 2.50),
(15, 1, 'Καφές φίλτρου', 'Βανίλια', 3.00),
(16, 1, 'Καφές φίλτρου', 'Φουντούκι', 3.00),
(17, 1, 'Καφές φίλτρου', 'Amaretto', 3.00),
(18, 2, 'Σοκολάτα', 'Ζεστή', 3.00),
(19, 2, 'Σοκολάτα', 'Κρύα', 3.00),
(20, 2, 'Σοκολάτα', 'Λευκή Ζεστή', 3.20),
(21, 2, 'Σοκολάτα', 'Λευκή Κρύα', 3.20),
(22, 2, 'Σοκολάτα', 'Βιενουά', 3.50),
(23, 2, 'Χυμός πορτοκάλι Ποτήρι', 'Φυσικός χυμός πορτοκάλι', 5.00),
(24, 2, 'Χυμός ανάμεικτος Ποτήρι', 'Φυσικός χυμός ανάμεικτος, μπανάνα, φράουλες, πορτοκάλι, καρότο', 6.00),
(25, 2, 'Χυμός ανάμεικτος Ποτήρι', 'Φυσικός χυμός ανάμεικτος, ανανάς, μπανάνα, μήλο', 6.00),
(26, 2, 'Χυμός Amita Ποτήρι', 'Amita Motion', 3.50),
(27, 2, 'Τσάι Ζεστό', 'Ροδάκινο', 2.00),
(28, 2, 'Τσάι Ζεστό', 'Λεμόνι', 2.00),
(29, 2, 'Τσάι Ζεστό', 'Φρούτα του δάσους', 2.00),
(30, 2, 'Τσάι Κρύο', 'Ροδάκινο', 2.00),
(31, 2, 'Τσάι Κρύο', 'Λεμόνι', 2.00),
(32, 2, 'Τσάι Κρύο', 'Φρούτα του δάσους', 2.00),
(33, 2, 'Τσάι AriZona', 'Blueberry', 3.00),
(34, 2, 'Τσάι AriZona', 'Λεμόνι', 3.00),
(35, 2, 'Τσάι AriZona', 'Ροδάκινο', 3.00),
(36, 2, 'Τσάι AriZona', 'Ρόδι', 3.00),
(37, 2, 'Milkshake 1', 'Σοκολάτα, μπανάνα, μπισκότο', 5.50),
(38, 2, 'Milkshake 2', 'Βανίλια, φρέσκα φρούτα, μπισκότο', 5.50),
(39, 10, 'Πρωινό 1', 'Αυγά μάτια, bacon, φρέσκο ψωμί', 4.50),
(40, 10, 'Πρωινό 2', 'Αυγά μάτια, bacon, φρέσκο ψωμί, κρουασάν βουτύρου', 5.00),
(41, 10, 'Πρωινό 2', 'Αυγά μάτια, bacon, φρέσκο ψωμί, κρουασάν σοκολάτας, κρουασάν βουτύρου', 5.50),
(42, 11, 'Βάφλα Banana Dream', 'Φρεσκοψημένη βάφλα με μπανάνα, πραλίνα, τριμμένο μπισκότο, σαντιγύ', 6.00),
(43, 11, 'Βάφλα Chocolate Dream', 'Φρεσκοψημένη βάφλα με μπανάνα, πραλίνα, τριμμένο μπισκότο, 1 μπάλα παγωτό σοκολάτα', 6.50),
(44, 11, 'Βάφλα White Dream 1', 'Φρεσκοψημένη βάφλα με μπανάνα, πραλίνα, τριμμένο μπισκότο, 1 μπάλα παγωτό βανίλια', 6.50),
(45, 11, 'Βάφλα White Dream 2', 'Φρεσκοψημένη βάφλα με μπανάνα, πραλίνα, τριμμένο μπισκότο, 1 μπάλα παγωτό καϊμάκι', 6.50),
(46, 11, 'Βάφλα Mix Dream 1', 'Φρεσκοψημένη βάφλα με μπανάνα, πραλίνα, τριμμένο μπισκότο, παγωτό σοκολάτα και βανίλια', 7.00),
(47, 11, 'Βάφλα Mix Dream 2', 'Φρεσκοψημένη βάφλα με μπανάνα, πραλίνα, τριμμένο μπισκότο, παγωτό σοκολάτα και καϊμάκι', 7.00),
(48, 3, 'Coca-Cola', 'Φιάλη 250ml', 3.00),
(49, 3, 'Fanta Μπλε', 'Φιάλη 250ml', 3.00),
(50, 3, 'Fanta Κόκκινη', 'Φιάλη 250ml', 3.00),
(51, 4, 'ΑΛΦΑ Draft', '330ml', 3.00),
(52, 4, 'ΑΛΦΑ Draft', '500ml', 3.60),
(53, 4, 'ΒΑΠ', '330ml', 3.20),
(54, 4, 'ΒΕΡΓΙΝΑ', '500ml', 3.50),
(55, 4, 'ΜΑΜΟΣ', '500ml', 4.20),
(56, 4, 'Amstel', '500ml', 4.00),
(57, 4, 'Amstel Dark', '330ml', 3.60),
(58, 4, 'Amstel Radler', '330ml', 4.50),
(59, 4, 'Corona', '335ml', 4.80),
(60, 4, 'Erdinger Weiss', '500ml', 5.00),
(61, 4, 'Fischer', '500ml', 5.00),
(62, 4, 'FIX', '500ml', 3.80),
(63, 4, 'FIX Dark', '500ml', 4.00),
(64, 4, 'Guinness Original', '330ml', 3.80),
(65, 4, 'Guinness Draught Bottle', '330ml', 3.50),
(66, 4, 'Guinness Special Export Bottle', '330ml', 4.00),
(67, 4, 'Heineken', '330ml', 3.80),
(68, 4, 'Heineken', '500ml', 4.20),
(69, 4, 'Kaiser Pilsner', '500ml', 4.90),
(70, 4, 'Mythos', '500ml', 4.20),
(71, 4, 'Sol', '335ml', 5.00),
(72, 5, 'Ερυθρός Ξηρός', 'Χύμα 250ml', 2.40),
(73, 5, 'Ερυθρός Ξηρός', 'Χύμα 500ml', 4.00),
(74, 5, 'Ημίγλυκο', 'Χύμα 250ml', 2.40),
(75, 5, 'Ημίγλυκο', 'Χύμα 500ml', 4.00),
(76, 5, 'Κρασί Ποτήρι', 'Ερυθρός Ξηρός', 2.00),
(77, 5, 'Κρασί Ποτήρι', 'Λευκός Ξηρός', 2.00),
(78, 5, 'Κρασί Ποτήρι', 'Ημίγλυκο', 2.00),
(79, 5, 'Λευκός Ξηρός', 'Χύμα 250ml', 2.40),
(80, 5, 'Λευκός Ξηρός', 'Χύμα 500ml', 4.00),
(81, 5, 'Τσίπουρο Τυρνάβου', 'Φιάλη Τυρνάβου χωρίς γλυκάνισο 200ml', 4.00),
(82, 5, 'Τσίπουρο Τυρνάβου', 'Φιάλη Τυρνάβου με γλυκάνισο 200ml', 4.50),
(83, 5, 'Ούζο ΜΙΝΙ', 'Φιάλη 200ml', 4.00),
(84, 5, 'Ούζο Τυρνάβου', 'Φιάλη 200ml', 3.50),
(85, 5, 'Ούζο Πλωμάρι', 'Φιάλη 200ml', 3.50),
(86, 5, 'Ούζο 12', 'Φιάλη 200ml', 4.50),
(87, 5, 'Τσίπουρο Ποτήρι', 'Χύμα', 2.00),
(88, 5, 'Ούζο Ποτήρι', 'Χύμα', 2.50),
(89, 6, 'Ουίσκι', 'Chivas Regal', 5.50),
(90, 6, 'Ουίσκι', 'Johnnie Walker', 5.00),
(91, 6, 'Ουίσκι', 'Jameson', 6.00),
(92, 6, 'Βότκα', 'Stolichnaya', 5.50),
(93, 6, 'Βότκα', 'Absolut', 5.00),
(94, 7, 'Mojito', 'White rum, soda water, mint leaves, sugar syrup, lime juice, mint sprigs', 7.00),
(95, 7, 'Bloody Mary', 'Vodka, tomato juice, lemon, tabasco sauce, pepper, celery, lemon wedge', 8.00),
(96, 7, 'French Martini', 'Vodka, french raspberry liqueur, pineapple juice, lemon', 7.50),
(97, 7, 'Cosmopolitan', 'Vodka, orange liqueur, lime twist, cranberry juice, lime juice', 8.50),
(98, 8, 'FIX Άνευ', '500ml', 3.80),
(99, 8, 'ΑΛΦΑ Χωρίς Αλκοόλ', '500ml', 4.00),
(100, 8, 'Amstel Free', '500ml', 4.20),
(101, 9, 'Τοστ', 'Γαλοπούλα, τυρί, μαγιονέζα', 2.00),
(102, 9, 'Τοστ', 'Ζαμπόν, τυρί, μαγιονέζα', 2.00),
(103, 10, 'Club sandwich', 'Γαλοπούλα, τυρί, μαγιονέζα, μαρούλι, ντομάτα', 4.50),
(104, 10, 'Club sandwich', 'Ζαμπόν, τυρί, μαγιονέζα, μαρούλι, ντομάτα', 4.50),
(105, 10, 'Burger Απλό', 'Μπιφτέκι μοσχαρίσιο, bacon, cheddar, σως, μαρούλι, ντομάτα', 5.00),
(106, 10, 'Burger Deluxe', 'Μπιφτέκι μοσχαρίσιο, bacon, cheddar, καραμελωμένα κρεμμύδια, σως, μαρούλι, ντομάτα και διπλή μερίδα πατάτες', 5.00),
(107, 11, 'Σουφλέ Σοκολάτας', '-', 4.00),
(108, 11, 'Σουφλέ Σοκολάτας', '+ παγωτό καϊμάκι', 4.50),
(109, 11, 'Σουφλέ Σοκολάτας', '+ παγωτό βανίλια', 4.50),
(110, 11, 'Σουφλέ Σοκολάτας', '+ παγωτό φράουλα', 4.50),
(111, 11, 'Σουφλέ Σοκολάτας', '+ παγωτό μπανάνα', 4.50),
(112, 11, 'Σουφλέ Σοκολάτας', '+ παγωτό σοκολάτα', 4.50),
(113, 11, 'Πορτοκαλόπιτα', '-', 3.50),
(114, 11, 'Πορτοκαλόπιτα', '+ παγωτό καϊμάκι', 4.00),
(115, 11, 'Πορτοκαλόπιτα', '+ παγωτό βανίλια', 4.00),
(116, 11, 'Πορτοκαλόπιτα', '+ παγωτό φράουλα', 4.00),
(117, 11, 'Πορτοκαλόπιτα', '+ παγωτό μπανάνα', 4.00),
(118, 11, 'Πορτοκαλόπιτα', '+ παγωτό σοκολάτα', 4.00),
(119, 11, 'Μηλόπιτα', '-', 3.50),
(120, 11, 'Banoffee', '-', 4.50),
(121, 2, 'Χυμός πορτοκάλι Ποτήρι', 'Φυσικός χυμός πορτοκάλι', 5.50),
(122, 2, 'Χυμός ανάμεικτος Ποτήρι', 'Φυσικός χυμός ανάμεικτος, μπανάνα, φράουλες, πορτοκάλι, καρότο', 6.00),
(123, 2, 'Χυμός ανάμεικτος Ποτήρι', 'Φυσικός χυμός ανάμεικτος, ανανάς, μπανάνα, μήλο', 6.00),
(124, 2, 'Χυμός Amita Ποτήρι', 'Amita Motion', 3.80),
(125, 3, 'Coca-Cola', 'Φιάλη 250ml', 3.80),
(126, 3, 'Fanta Μπλε', 'Φιάλη 250ml', 3.80),
(127, 3, 'Fanta Κόκκινη', 'Φιάλη 250ml', 3.80),
(128, 3, 'RedBull', '250ml', 4.50),
(129, 4, 'ΜΑΜΟΣ', '500ml', 4.50),
(130, 4, 'Amstel', '500ml', 4.00),
(131, 4, 'Amstel Dark', '330ml', 4.50),
(132, 4, 'Amstel Radler', '330ml', 5.00),
(133, 4, 'Corona', '335ml', 5.50),
(134, 4, 'Erdinger Weiss', '500ml', 6.50),
(135, 4, 'Fischer', '500ml', 5.00),
(136, 4, 'FIX', '500ml', 4.20),
(137, 4, 'FIX Dark', '500ml', 4.20),
(138, 4, 'Guinness Original', '330ml', 5.50),
(139, 4, 'Guinness Draught Bottle', '330ml', 5.50),
(140, 4, 'Guinness Special Export Bottle', '330ml', 5.50),
(141, 4, 'Heineken', '330ml', 4.20),
(142, 4, 'Heineken', '500ml', 4.70),
(143, 4, 'Kaiser Pilsner', '500ml', 5.00),
(144, 4, 'Leffe Blond', '330ml', 5.00),
(145, 4, 'Mythos', '500ml', 4.50),
(146, 4, 'Paulaner Salvator', '330ml', 5.50),
(147, 4, 'Paulaner Weissbier', '330ml', 5.50),
(148, 4, 'Sol', '335ml', 5.00),
(149, 4, 'Weihenstephaner Vitus', '500ml', 6.50),
(150, 4, 'Weihenstephaner Hefe Weissbier', '500ml', 6.50),
(151, 4, 'Weihenstephaner Korbinian', '500ml', 7.00),
(152, 5, 'Τέσσερις Λίμνες - ΚΤΗΜΑ ΚΥΡ. ΓΙΑΝΝΗ', 'Λευκός Ξηρός', 24.00),
(153, 5, 'Παράγκα - ΚΤΗΜΑ ΚΥΡ. ΓΙΑΝΝΗ', 'Λευκός Ξηρός', 19.00),
(154, 5, 'Ράμνιστα - ΚΤΗΜΑ ΚΥΡ. ΓΙΑΝΝΗ', 'Ερυθρός Ξηρός', 28.00),
(155, 5, 'Το μαύρο πρόβατο - Nico Lazaridi', 'Ερυθρός Ξηρός', 24.00),
(156, 5, 'Κρασί Ποτήρι', 'Ερυθρός Ξηρός', 4.00),
(157, 5, 'Κρασί Ποτήρι', 'Λευκός Ξηρός', 4.00),
(158, 5, 'Κρασί Ποτήρι', 'Ημίγλυκο', 4.00),
(159, 5, 'Τσίπουρο Τυρνάβου', 'Φιάλη Τυρνάβου χωρίς γλυκάνισο 200ml', 5.00),
(160, 5, 'Τσίπουρο Τυρνάβου', 'Φιάλη Τυρνάβου με γλυκάνισο 200ml', 5.50),
(161, 5, 'Ούζο ΜΙΝΙ', 'Φιάλη 200ml', 5.00),
(162, 5, 'Ούζο Τυρνάβου', 'Φιάλη 200ml', 5.00),
(163, 5, 'Ούζο Πλωμάρι', 'Φιάλη 200ml', 5.00),
(164, 5, 'Ούζο 12', 'Φιάλη 200ml', 5.00),
(165, 6, 'Ουίσκι', 'Chivas Regal', 6.50),
(166, 6, 'Ουίσκι', 'Johnnie Walker', 6.50),
(167, 6, 'Ουίσκι', 'Jameson', 6.50),
(168, 6, 'Βότκα', 'Stolichnaya', 6.00),
(169, 6, 'Βότκα', 'Absolut', 6.00),
(170, 7, 'Mojito', 'White rum, soda water, mint leaves, sugar syrup, lime juice, mint sprigs', 8.00),
(171, 7, 'Bloody Mary', 'Vodka, tomato juice, lemon, tabasco sauce, pepper, celery, lemon wedge', 9.00),
(172, 7, 'French Martini', 'Vodka, french raspberry liqueur, pineapple juice, lemon', 8.00),
(173, 7, 'Cosmopolitan', 'Vodka, orange liqueur, lime twist, cranberry juice, lime juice', 9.00),
(174, 7, 'The Apple Jack', 'Jack Daniels Whiskey, Goldschlager, natural apple, soda', 12.00),
(175, 7, 'Strawberry Daiquiri', 'White rum, fresh lime juice, sugar syrup, fresh chopped strawberries', 11.00),
(176, 7, 'Caipirinha', 'Cachaca, brown sugar, lime', 10.00),
(177, 7, 'Cuba Libre', 'White rum, Coca-Cola, lime, lemon slice', 12.00),
(178, 7, 'Apple Martini', 'Vodka, green apple juice, Cointreau, lime', 10.50),
(179, 7, 'Pina Colada', 'Rum, coconut, pineapple', 12.00),
(180, 8, 'FIX Άνευ', '500ml', 4.50),
(181, 8, 'ΑΛΦΑ Χωρίς Αλκοόλ', '500ml', 4.80),
(182, 8, 'Amstel Free', '500ml', 4.90),
(183, 10, 'Ποικιλία κρεατικών μικρή', 'Φιλέτο κοτόπουλο, λουκάνικο, μπιφτέκι μοσχαρίσιο, μπριζολάκια χοιρινά, πατάτες, πιτούλες', 7.00),
(184, 10, 'Ποικιλία κρεατικών μεγάλη', 'Φιλέτο κοτόπουλο, λουκάνικο, μπιφτέκι μοσχαρίσιο, μπριζολάκια και πανσετάκια χοιρινά, πατάτες, πιτούλες, τζατζίκι', 11.00),
(185, 10, 'Ποικιλία τυριών μικρή', 'Ποικιλία 4 τυριών', 5.00),
(186, 10, 'Ποικιλία τυριών μεγάλη', 'Ποικιλία 6 τυριών', 7.00);

CREATE TABLE products741236985 (
  product_id int(10) UNSIGNED NOT NULL,
  category_id int(10) UNSIGNED NOT NULL,
  product_name varchar(50) NOT NULL,
  description varchar(200) DEFAULT NULL,
  price decimal(5,2) UNSIGNED NOT NULL
) ENGINE=InnoDB DEFAULT CHARSET=utf8 COLLATE=utf8_unicode_ci;

INSERT INTO products741236985 (product_id, category_id, product_name, description, price) VALUES
(1, 1, 'Nescafe Frappe', '-', 2.50),
(2, 1, 'Nescafe Frappe Baileys', '-', 2.80),
(3, 1, 'Freddo espresso', '-', 3.00),
(4, 1, 'Freddo cappuccino', '-', 3.50),
(5, 1, 'Iced latte', '-', 4.00),
(6, 1, 'Nescafe', '-', 2.50),
(7, 1, 'Espresso', 'Μονός', 2.70),
(8, 1, 'Espresso', 'Διπλός', 3.50),
(9, 1, 'Cappuccino', 'Μονός', 2.70),
(10, 1, 'Cappuccino', 'Διπλός', 3.70),
(11, 1, 'Latte', '-', 3.50),
(12, 1, 'Ελληνικός', 'Μονός', 2.00),
(13, 1, 'Ελληνικός', 'Διπλός', 2.50),
(14, 1, 'Καφές φίλτρου', '-', 2.50),
(15, 1, 'Καφές φίλτρου', 'Βανίλια', 3.00),
(16, 1, 'Καφές φίλτρου', 'Φουντούκι', 3.00),
(17, 1, 'Καφές φίλτρου', 'Amaretto', 3.00),
(18, 2, 'Σοκολάτα', 'Ζεστή', 3.00),
(19, 2, 'Σοκολάτα', 'Κρύα', 3.00),
(20, 2, 'Σοκολάτα', 'Λευκή Ζεστή', 3.20),
(21, 2, 'Σοκολάτα', 'Λευκή Κρύα', 3.20),
(22, 2, 'Σοκολάτα', 'Βιενουά', 3.50),
(23, 2, 'Χυμός πορτοκάλι Ποτήρι', 'Φυσικός χυμός πορτοκάλι', 5.00),
(24, 2, 'Χυμός ανάμεικτος Ποτήρι', 'Φυσικός χυμός ανάμεικτος, μπανάνα, φράουλες, πορτοκάλι, καρότο', 6.00),
(25, 2, 'Χυμός ανάμεικτος Ποτήρι', 'Φυσικός χυμός ανάμεικτος, ανανάς, μπανάνα, μήλο', 6.00),
(26, 2, 'Χυμός Amita Ποτήρι', 'Amita Motion', 3.50),
(27, 2, 'Τσάι Ζεστό', 'Ροδάκινο', 2.00),
(28, 2, 'Τσάι Ζεστό', 'Λεμόνι', 2.00),
(29, 2, 'Τσάι Ζεστό', 'Φρούτα του δάσους', 2.00),
(30, 2, 'Τσάι Κρύο', 'Ροδάκινο', 2.00),
(31, 2, 'Τσάι Κρύο', 'Λεμόνι', 2.00),
(32, 2, 'Τσάι Κρύο', 'Φρούτα του δάσους', 2.00),
(33, 2, 'Τσάι AriZona', 'Blueberry', 3.00),
(34, 2, 'Τσάι AriZona', 'Λεμόνι', 3.00),
(35, 2, 'Τσάι AriZona', 'Ροδάκινο', 3.00),
(36, 2, 'Τσάι AriZona', 'Ρόδι', 3.00),
(37, 2, 'Milkshake 1', 'Σοκολάτα, μπανάνα, μπισκότο', 5.50),
(38, 2, 'Milkshake 2', 'Βανίλια, φρέσκα φρούτα, μπισκότο', 5.50),
(39, 10, 'Πρωινό 1', 'Αυγά μάτια, bacon, φρέσκο ψωμί', 4.50),
(40, 10, 'Πρωινό 2', 'Αυγά μάτια, bacon, φρέσκο ψωμί, κρουασάν βουτύρου', 5.00),
(41, 10, 'Πρωινό 2', 'Αυγά μάτια, bacon, φρέσκο ψωμί, κρουασάν σοκολάτας, κρουασάν βουτύρου', 5.50),
(42, 11, 'Βάφλα Banana Dream', 'Φρεσκοψημένη βάφλα με μπανάνα, πραλίνα, τριμμένο μπισκότο, σαντιγύ', 6.00),
(43, 11, 'Βάφλα Chocolate Dream', 'Φρεσκοψημένη βάφλα με μπανάνα, πραλίνα, τριμμένο μπισκότο, 1 μπάλα παγωτό σοκολάτα', 6.50),
(44, 11, 'Βάφλα White Dream 1', 'Φρεσκοψημένη βάφλα με μπανάνα, πραλίνα, τριμμένο μπισκότο, 1 μπάλα παγωτό βανίλια', 6.50),
(45, 11, 'Βάφλα White Dream 2', 'Φρεσκοψημένη βάφλα με μπανάνα, πραλίνα, τριμμένο μπισκότο, 1 μπάλα παγωτό καϊμάκι', 6.50),
(46, 11, 'Βάφλα Mix Dream 1', 'Φρεσκοψημένη βάφλα με μπανάνα, πραλίνα, τριμμένο μπισκότο, παγωτό σοκολάτα και βανίλια', 7.00),
(47, 11, 'Βάφλα Mix Dream 2', 'Φρεσκοψημένη βάφλα με μπανάνα, πραλίνα, τριμμένο μπισκότο, παγωτό σοκολάτα και καϊμάκι', 7.00),
(48, 3, 'Coca-Cola', 'Φιάλη 250ml', 3.00),
(49, 3, 'Fanta Μπλε', 'Φιάλη 250ml', 3.00),
(50, 3, 'Fanta Κόκκινη', 'Φιάλη 250ml', 3.00),
(51, 4, 'ΑΛΦΑ Draft', '330ml', 3.00),
(52, 4, 'ΑΛΦΑ Draft', '500ml', 3.60),
(53, 4, 'ΒΑΠ', '330ml', 3.20),
(54, 4, 'ΒΕΡΓΙΝΑ', '500ml', 3.50),
(55, 4, 'ΜΑΜΟΣ', '500ml', 4.20),
(56, 4, 'Amstel', '500ml', 4.00),
(57, 4, 'Amstel Dark', '330ml', 3.60),
(58, 4, 'Amstel Radler', '330ml', 4.50),
(59, 4, 'Corona', '335ml', 4.80),
(60, 4, 'Erdinger Weiss', '500ml', 5.00),
(61, 4, 'Fischer', '500ml', 5.00),
(62, 4, 'FIX', '500ml', 3.80),
(63, 4, 'FIX Dark', '500ml', 4.00),
(64, 4, 'Guinness Original', '330ml', 3.80),
(65, 4, 'Guinness Draught Bottle', '330ml', 3.50),
(66, 4, 'Guinness Special Export Bottle', '330ml', 4.00),
(67, 4, 'Heineken', '330ml', 3.80),
(68, 4, 'Heineken', '500ml', 4.20),
(69, 4, 'Kaiser Pilsner', '500ml', 4.90),
(70, 4, 'Mythos', '500ml', 4.20),
(71, 4, 'Sol', '335ml', 5.00),
(72, 5, 'Ερυθρός Ξηρός', 'Χύμα 250ml', 2.40),
(73, 5, 'Ερυθρός Ξηρός', 'Χύμα 500ml', 4.00),
(74, 5, 'Ημίγλυκο', 'Χύμα 250ml', 2.40),
(75, 5, 'Ημίγλυκο', 'Χύμα 500ml', 4.00),
(76, 5, 'Κρασί Ποτήρι', 'Ερυθρός Ξηρός', 2.00),
(77, 5, 'Κρασί Ποτήρι', 'Λευκός Ξηρός', 2.00),
(78, 5, 'Κρασί Ποτήρι', 'Ημίγλυκο', 2.00),
(79, 5, 'Λευκός Ξηρός', 'Χύμα 250ml', 2.40),
(80, 5, 'Λευκός Ξηρός', 'Χύμα 500ml', 4.00),
(81, 5, 'Τσίπουρο Τυρνάβου', 'Φιάλη Τυρνάβου χωρίς γλυκάνισο 200ml', 4.00),
(82, 5, 'Τσίπουρο Τυρνάβου', 'Φιάλη Τυρνάβου με γλυκάνισο 200ml', 4.50),
(83, 5, 'Ούζο ΜΙΝΙ', 'Φιάλη 200ml', 4.00),
(84, 5, 'Ούζο Τυρνάβου', 'Φιάλη 200ml', 3.50),
(85, 5, 'Ούζο Πλωμάρι', 'Φιάλη 200ml', 3.50),
(86, 5, 'Ούζο 12', 'Φιάλη 200ml', 4.50),
(87, 5, 'Τσίπουρο Ποτήρι', 'Χύμα', 2.00),
(88, 5, 'Ούζο Ποτήρι', 'Χύμα', 2.50),
(89, 6, 'Ουίσκι', 'Chivas Regal', 5.50),
(90, 6, 'Ουίσκι', 'Johnnie Walker', 5.00),
(91, 6, 'Ουίσκι', 'Jameson', 6.00),
(92, 6, 'Βότκα', 'Stolichnaya', 5.50),
(93, 6, 'Βότκα', 'Absolut', 5.00),
(94, 7, 'Mojito', 'White rum, soda water, mint leaves, sugar syrup, lime juice, mint sprigs', 7.00),
(95, 7, 'Bloody Mary', 'Vodka, tomato juice, lemon, tabasco sauce, pepper, celery, lemon wedge', 8.00),
(96, 7, 'French Martini', 'Vodka, french raspberry liqueur, pineapple juice, lemon', 7.50),
(97, 7, 'Cosmopolitan', 'Vodka, orange liqueur, lime twist, cranberry juice, lime juice', 8.50),
(98, 8, 'FIX Άνευ', '500ml', 3.80),
(99, 8, 'ΑΛΦΑ Χωρίς Αλκοόλ', '500ml', 4.00),
(100, 8, 'Amstel Free', '500ml', 4.20),
(101, 9, 'Τοστ', 'Γαλοπούλα, τυρί, μαγιονέζα', 2.00),
(102, 9, 'Τοστ', 'Ζαμπόν, τυρί, μαγιονέζα', 2.00),
(103, 10, 'Club sandwich', 'Γαλοπούλα, τυρί, μαγιονέζα, μαρούλι, ντομάτα', 4.50),
(104, 10, 'Club sandwich', 'Ζαμπόν, τυρί, μαγιονέζα, μαρούλι, ντομάτα', 4.50),
(105, 10, 'Burger Απλό', 'Μπιφτέκι μοσχαρίσιο, bacon, cheddar, σως, μαρούλι, ντομάτα', 5.00),
(106, 10, 'Burger Deluxe', 'Μπιφτέκι μοσχαρίσιο, bacon, cheddar, καραμελωμένα κρεμμύδια, σως, μαρούλι, ντομάτα και διπλή μερίδα πατάτες', 5.00),
(107, 11, 'Σουφλέ Σοκολάτας', '-', 4.00),
(108, 11, 'Σουφλέ Σοκολάτας', '+ παγωτό καϊμάκι', 4.50),
(109, 11, 'Σουφλέ Σοκολάτας', '+ παγωτό βανίλια', 4.50),
(110, 11, 'Σουφλέ Σοκολάτας', '+ παγωτό φράουλα', 4.50),
(111, 11, 'Σουφλέ Σοκολάτας', '+ παγωτό μπανάνα', 4.50),
(112, 11, 'Σουφλέ Σοκολάτας', '+ παγωτό σοκολάτα', 4.50),
(113, 11, 'Πορτοκαλόπιτα', '-', 3.50),
(114, 11, 'Πορτοκαλόπιτα', '+ παγωτό καϊμάκι', 4.00),
(115, 11, 'Πορτοκαλόπιτα', '+ παγωτό βανίλια', 4.00),
(116, 11, 'Πορτοκαλόπιτα', '+ παγωτό φράουλα', 4.00),
(117, 11, 'Πορτοκαλόπιτα', '+ παγωτό μπανάνα', 4.00),
(118, 11, 'Πορτοκαλόπιτα', '+ παγωτό σοκολάτα', 4.00),
(119, 11, 'Μηλόπιτα', '-', 3.50),
(120, 11, 'Banoffee', '-', 4.50),
(121, 2, 'Χυμός πορτοκάλι Ποτήρι', 'Φυσικός χυμός πορτοκάλι', 5.50),
(122, 2, 'Χυμός ανάμεικτος Ποτήρι', 'Φυσικός χυμός ανάμεικτος, μπανάνα, φράουλες, πορτοκάλι, καρότο', 6.00),
(123, 2, 'Χυμός ανάμεικτος Ποτήρι', 'Φυσικός χυμός ανάμεικτος, ανανάς, μπανάνα, μήλο', 6.00),
(124, 2, 'Χυμός Amita Ποτήρι', 'Amita Motion', 3.80),
(125, 3, 'Coca-Cola', 'Φιάλη 250ml', 3.80),
(126, 3, 'Fanta Μπλε', 'Φιάλη 250ml', 3.80),
(127, 3, 'Fanta Κόκκινη', 'Φιάλη 250ml', 3.80),
(128, 3, 'RedBull', '250ml', 4.50),
(129, 4, 'ΜΑΜΟΣ', '500ml', 4.50),
(130, 4, 'Amstel', '500ml', 4.00),
(131, 4, 'Amstel Dark', '330ml', 4.50),
(132, 4, 'Amstel Radler', '330ml', 5.00),
(133, 4, 'Corona', '335ml', 5.50),
(134, 4, 'Erdinger Weiss', '500ml', 6.50),
(135, 4, 'Fischer', '500ml', 5.00),
(136, 4, 'FIX', '500ml', 4.20),
(137, 4, 'FIX Dark', '500ml', 4.20),
(138, 4, 'Guinness Original', '330ml', 5.50),
(139, 4, 'Guinness Draught Bottle', '330ml', 5.50),
(140, 4, 'Guinness Special Export Bottle', '330ml', 5.50),
(141, 4, 'Heineken', '330ml', 4.20),
(142, 4, 'Heineken', '500ml', 4.70),
(143, 4, 'Kaiser Pilsner', '500ml', 5.00),
(144, 4, 'Leffe Blond', '330ml', 5.00),
(145, 4, 'Mythos', '500ml', 4.50),
(146, 4, 'Paulaner Salvator', '330ml', 5.50),
(147, 4, 'Paulaner Weissbier', '330ml', 5.50),
(148, 4, 'Sol', '335ml', 5.00),
(149, 4, 'Weihenstephaner Vitus', '500ml', 6.50),
(150, 4, 'Weihenstephaner Hefe Weissbier', '500ml', 6.50),
(151, 4, 'Weihenstephaner Korbinian', '500ml', 7.00),
(152, 5, 'Τέσσερις Λίμνες - ΚΤΗΜΑ ΚΥΡ. ΓΙΑΝΝΗ', 'Λευκός Ξηρός', 24.00),
(153, 5, 'Παράγκα - ΚΤΗΜΑ ΚΥΡ. ΓΙΑΝΝΗ', 'Λευκός Ξηρός', 19.00),
(154, 5, 'Ράμνιστα - ΚΤΗΜΑ ΚΥΡ. ΓΙΑΝΝΗ', 'Ερυθρός Ξηρός', 28.00),
(155, 5, 'Το μαύρο πρόβατο - Nico Lazaridi', 'Ερυθρός Ξηρός', 24.00),
(156, 5, 'Κρασί Ποτήρι', 'Ερυθρός Ξηρός', 4.00),
(157, 5, 'Κρασί Ποτήρι', 'Λευκός Ξηρός', 4.00),
(158, 5, 'Κρασί Ποτήρι', 'Ημίγλυκο', 4.00),
(159, 5, 'Τσίπουρο Τυρνάβου', 'Φιάλη Τυρνάβου χωρίς γλυκάνισο 200ml', 5.00),
(160, 5, 'Τσίπουρο Τυρνάβου', 'Φιάλη Τυρνάβου με γλυκάνισο 200ml', 5.50),
(161, 5, 'Ούζο ΜΙΝΙ', 'Φιάλη 200ml', 5.00),
(162, 5, 'Ούζο Τυρνάβου', 'Φιάλη 200ml', 5.00),
(163, 5, 'Ούζο Πλωμάρι', 'Φιάλη 200ml', 5.00),
(164, 5, 'Ούζο 12', 'Φιάλη 200ml', 5.00),
(165, 6, 'Ουίσκι', 'Chivas Regal', 6.50),
(166, 6, 'Ουίσκι', 'Johnnie Walker', 6.50),
(167, 6, 'Ουίσκι', 'Jameson', 6.50),
(168, 6, 'Βότκα', 'Stolichnaya', 6.00),
(169, 6, 'Βότκα', 'Absolut', 6.00),
(170, 7, 'Mojito', 'White rum, soda water, mint leaves, sugar syrup, lime juice, mint sprigs', 8.00),
(171, 7, 'Bloody Mary', 'Vodka, tomato juice, lemon, tabasco sauce, pepper, celery, lemon wedge', 9.00),
(172, 7, 'French Martini', 'Vodka, french raspberry liqueur, pineapple juice, lemon', 8.00),
(173, 7, 'Cosmopolitan', 'Vodka, orange liqueur, lime twist, cranberry juice, lime juice', 9.00),
(174, 7, 'The Apple Jack', 'Jack Daniels Whiskey, Goldschlager, natural apple, soda', 12.00),
(175, 7, 'Strawberry Daiquiri', 'White rum, fresh lime juice, sugar syrup, fresh chopped strawberries', 11.00),
(176, 7, 'Caipirinha', 'Cachaca, brown sugar, lime', 10.00),
(177, 7, 'Cuba Libre', 'White rum, Coca-Cola, lime, lemon slice', 12.00),
(178, 7, 'Apple Martini', 'Vodka, green apple juice, Cointreau, lime', 10.50),
(179, 7, 'Pina Colada', 'Rum, coconut, pineapple', 12.00),
(180, 8, 'FIX Άνευ', '500ml', 4.50),
(181, 8, 'ΑΛΦΑ Χωρίς Αλκοόλ', '500ml', 4.80),
(182, 8, 'Amstel Free', '500ml', 4.90),
(183, 10, 'Ποικιλία κρεατικών μικρή', 'Φιλέτο κοτόπουλο, λουκάνικο, μπιφτέκι μοσχαρίσιο, μπριζολάκια χοιρινά, πατάτες, πιτούλες', 7.00),
(184, 10, 'Ποικιλία κρεατικών μεγάλη', 'Φιλέτο κοτόπουλο, λουκάνικο, μπιφτέκι μοσχαρίσιο, μπριζολάκια και πανσετάκια χοιρινά, πατάτες, πιτούλες, τζατζίκι', 11.00),
(185, 10, 'Ποικιλία τυριών μικρή', 'Ποικιλία 4 τυριών', 5.00),
(186, 10, 'Ποικιλία τυριών μεγάλη', 'Ποικιλία 6 τυριών', 7.00);

CREATE TABLE products895623741 (
  product_id int(10) UNSIGNED NOT NULL,
  category_id int(10) UNSIGNED NOT NULL,
  product_name varchar(50) NOT NULL,
  description varchar(200) DEFAULT NULL,
  price decimal(5,2) UNSIGNED NOT NULL
) ENGINE=InnoDB DEFAULT CHARSET=utf8 COLLATE=utf8_unicode_ci;

INSERT INTO products895623741 (product_id, category_id, product_name, description, price) VALUES
(1, 1, 'Nescafe Frappe', '-', 2.50),
(2, 1, 'Nescafe Frappe Baileys', '-', 2.80),
(3, 1, 'Freddo espresso', '-', 3.00),
(4, 1, 'Freddo cappuccino', '-', 3.50),
(5, 1, 'Iced latte', '-', 4.00),
(6, 1, 'Nescafe', '-', 2.50),
(7, 1, 'Espresso', 'Μονός', 2.70),
(8, 1, 'Espresso', 'Διπλός', 3.50),
(9, 1, 'Cappuccino', 'Μονός', 2.70),
(10, 1, 'Cappuccino', 'Διπλός', 3.70),
(11, 1, 'Latte', '-', 3.50),
(12, 1, 'Ελληνικός', 'Μονός', 2.00),
(13, 1, 'Ελληνικός', 'Διπλός', 2.50),
(14, 1, 'Καφές φίλτρου', '-', 2.50),
(15, 1, 'Καφές φίλτρου', 'Βανίλια', 3.00),
(16, 1, 'Καφές φίλτρου', 'Φουντούκι', 3.00),
(17, 1, 'Καφές φίλτρου', 'Amaretto', 3.00),
(18, 2, 'Σοκολάτα', 'Ζεστή', 3.00),
(19, 2, 'Σοκολάτα', 'Κρύα', 3.00),
(20, 2, 'Σοκολάτα', 'Λευκή Ζεστή', 3.20),
(21, 2, 'Σοκολάτα', 'Λευκή Κρύα', 3.20),
(22, 2, 'Σοκολάτα', 'Βιενουά', 3.50),
(23, 2, 'Χυμός πορτοκάλι Ποτήρι', 'Φυσικός χυμός πορτοκάλι', 5.00),
(24, 2, 'Χυμός ανάμεικτος Ποτήρι', 'Φυσικός χυμός ανάμεικτος, μπανάνα, φράουλες, πορτοκάλι, καρότο', 6.00),
(25, 2, 'Χυμός ανάμεικτος Ποτήρι', 'Φυσικός χυμός ανάμεικτος, ανανάς, μπανάνα, μήλο', 6.00),
(26, 2, 'Χυμός Amita Ποτήρι', 'Amita Motion', 3.50),
(27, 2, 'Τσάι Ζεστό', 'Ροδάκινο', 2.00),
(28, 2, 'Τσάι Ζεστό', 'Λεμόνι', 2.00),
(29, 2, 'Τσάι Ζεστό', 'Φρούτα του δάσους', 2.00),
(30, 2, 'Τσάι Κρύο', 'Ροδάκινο', 2.00),
(31, 2, 'Τσάι Κρύο', 'Λεμόνι', 2.00),
(32, 2, 'Τσάι Κρύο', 'Φρούτα του δάσους', 2.00),
(33, 2, 'Τσάι AriZona', 'Blueberry', 3.00),
(34, 2, 'Τσάι AriZona', 'Λεμόνι', 3.00),
(35, 2, 'Τσάι AriZona', 'Ροδάκινο', 3.00),
(36, 2, 'Τσάι AriZona', 'Ρόδι', 3.00),
(37, 2, 'Milkshake 1', 'Σοκολάτα, μπανάνα, μπισκότο', 5.50),
(38, 2, 'Milkshake 2', 'Βανίλια, φρέσκα φρούτα, μπισκότο', 5.50),
(39, 10, 'Πρωινό 1', 'Αυγά μάτια, bacon, φρέσκο ψωμί', 4.50),
(40, 10, 'Πρωινό 2', 'Αυγά μάτια, bacon, φρέσκο ψωμί, κρουασάν βουτύρου', 5.00),
(41, 10, 'Πρωινό 2', 'Αυγά μάτια, bacon, φρέσκο ψωμί, κρουασάν σοκολάτας, κρουασάν βουτύρου', 5.50),
(42, 11, 'Βάφλα Banana Dream', 'Φρεσκοψημένη βάφλα με μπανάνα, πραλίνα, τριμμένο μπισκότο, σαντιγύ', 6.00),
(43, 11, 'Βάφλα Chocolate Dream', 'Φρεσκοψημένη βάφλα με μπανάνα, πραλίνα, τριμμένο μπισκότο, 1 μπάλα παγωτό σοκολάτα', 6.50),
(44, 11, 'Βάφλα White Dream 1', 'Φρεσκοψημένη βάφλα με μπανάνα, πραλίνα, τριμμένο μπισκότο, 1 μπάλα παγωτό βανίλια', 6.50),
(45, 11, 'Βάφλα White Dream 2', 'Φρεσκοψημένη βάφλα με μπανάνα, πραλίνα, τριμμένο μπισκότο, 1 μπάλα παγωτό καϊμάκι', 6.50),
(46, 11, 'Βάφλα Mix Dream 1', 'Φρεσκοψημένη βάφλα με μπανάνα, πραλίνα, τριμμένο μπισκότο, παγωτό σοκολάτα και βανίλια', 7.00),
(47, 11, 'Βάφλα Mix Dream 2', 'Φρεσκοψημένη βάφλα με μπανάνα, πραλίνα, τριμμένο μπισκότο, παγωτό σοκολάτα και καϊμάκι', 7.00),
(48, 3, 'Coca-Cola', 'Φιάλη 250ml', 3.00),
(49, 3, 'Fanta Μπλε', 'Φιάλη 250ml', 3.00),
(50, 3, 'Fanta Κόκκινη', 'Φιάλη 250ml', 3.00),
(51, 4, 'ΑΛΦΑ Draft', '330ml', 3.00),
(52, 4, 'ΑΛΦΑ Draft', '500ml', 3.60),
(53, 4, 'ΒΑΠ', '330ml', 3.20),
(54, 4, 'ΒΕΡΓΙΝΑ', '500ml', 3.50),
(55, 4, 'ΜΑΜΟΣ', '500ml', 4.20),
(56, 4, 'Amstel', '500ml', 4.00),
(57, 4, 'Amstel Dark', '330ml', 3.60),
(58, 4, 'Amstel Radler', '330ml', 4.50),
(59, 4, 'Corona', '335ml', 4.80),
(60, 4, 'Erdinger Weiss', '500ml', 5.00),
(61, 4, 'Fischer', '500ml', 5.00),
(62, 4, 'FIX', '500ml', 3.80),
(63, 4, 'FIX Dark', '500ml', 4.00),
(64, 4, 'Guinness Original', '330ml', 3.80),
(65, 4, 'Guinness Draught Bottle', '330ml', 3.50),
(66, 4, 'Guinness Special Export Bottle', '330ml', 4.00),
(67, 4, 'Heineken', '330ml', 3.80),
(68, 4, 'Heineken', '500ml', 4.20),
(69, 4, 'Kaiser Pilsner', '500ml', 4.90),
(70, 4, 'Mythos', '500ml', 4.20),
(71, 4, 'Sol', '335ml', 5.00),
(72, 5, 'Ερυθρός Ξηρός', 'Χύμα 250ml', 2.40),
(73, 5, 'Ερυθρός Ξηρός', 'Χύμα 500ml', 4.00),
(74, 5, 'Ημίγλυκο', 'Χύμα 250ml', 2.40),
(75, 5, 'Ημίγλυκο', 'Χύμα 500ml', 4.00),
(76, 5, 'Κρασί Ποτήρι', 'Ερυθρός Ξηρός', 2.00),
(77, 5, 'Κρασί Ποτήρι', 'Λευκός Ξηρός', 2.00),
(78, 5, 'Κρασί Ποτήρι', 'Ημίγλυκο', 2.00),
(79, 5, 'Λευκός Ξηρός', 'Χύμα 250ml', 2.40),
(80, 5, 'Λευκός Ξηρός', 'Χύμα 500ml', 4.00),
(81, 5, 'Τσίπουρο Τυρνάβου', 'Φιάλη Τυρνάβου χωρίς γλυκάνισο 200ml', 4.00),
(82, 5, 'Τσίπουρο Τυρνάβου', 'Φιάλη Τυρνάβου με γλυκάνισο 200ml', 4.50),
(83, 5, 'Ούζο ΜΙΝΙ', 'Φιάλη 200ml', 4.00),
(84, 5, 'Ούζο Τυρνάβου', 'Φιάλη 200ml', 3.50),
(85, 5, 'Ούζο Πλωμάρι', 'Φιάλη 200ml', 3.50),
(86, 5, 'Ούζο 12', 'Φιάλη 200ml', 4.50),
(87, 5, 'Τσίπουρο Ποτήρι', 'Χύμα', 2.00),
(88, 5, 'Ούζο Ποτήρι', 'Χύμα', 2.50),
(89, 6, 'Ουίσκι', 'Chivas Regal', 5.50),
(90, 6, 'Ουίσκι', 'Johnnie Walker', 5.00),
(91, 6, 'Ουίσκι', 'Jameson', 6.00),
(92, 6, 'Βότκα', 'Stolichnaya', 5.50),
(93, 6, 'Βότκα', 'Absolut', 5.00),
(94, 7, 'Mojito', 'White rum, soda water, mint leaves, sugar syrup, lime juice, mint sprigs', 7.00),
(95, 7, 'Bloody Mary', 'Vodka, tomato juice, lemon, tabasco sauce, pepper, celery, lemon wedge', 8.00),
(96, 7, 'French Martini', 'Vodka, french raspberry liqueur, pineapple juice, lemon', 7.50),
(97, 7, 'Cosmopolitan', 'Vodka, orange liqueur, lime twist, cranberry juice, lime juice', 8.50),
(98, 8, 'FIX Άνευ', '500ml', 3.80),
(99, 8, 'ΑΛΦΑ Χωρίς Αλκοόλ', '500ml', 4.00),
(100, 8, 'Amstel Free', '500ml', 4.20),
(101, 9, 'Τοστ', 'Γαλοπούλα, τυρί, μαγιονέζα', 2.00),
(102, 9, 'Τοστ', 'Ζαμπόν, τυρί, μαγιονέζα', 2.00),
(103, 10, 'Club sandwich', 'Γαλοπούλα, τυρί, μαγιονέζα, μαρούλι, ντομάτα', 4.50),
(104, 10, 'Club sandwich', 'Ζαμπόν, τυρί, μαγιονέζα, μαρούλι, ντομάτα', 4.50),
(105, 10, 'Burger Απλό', 'Μπιφτέκι μοσχαρίσιο, bacon, cheddar, σως, μαρούλι, ντομάτα', 5.00),
(106, 10, 'Burger Deluxe', 'Μπιφτέκι μοσχαρίσιο, bacon, cheddar, καραμελωμένα κρεμμύδια, σως, μαρούλι, ντομάτα και διπλή μερίδα πατάτες', 5.00),
(107, 11, 'Σουφλέ Σοκολάτας', '-', 4.00),
(108, 11, 'Σουφλέ Σοκολάτας', '+ παγωτό καϊμάκι', 4.50),
(109, 11, 'Σουφλέ Σοκολάτας', '+ παγωτό βανίλια', 4.50),
(110, 11, 'Σουφλέ Σοκολάτας', '+ παγωτό φράουλα', 4.50),
(111, 11, 'Σουφλέ Σοκολάτας', '+ παγωτό μπανάνα', 4.50),
(112, 11, 'Σουφλέ Σοκολάτας', '+ παγωτό σοκολάτα', 4.50),
(113, 11, 'Πορτοκαλόπιτα', '-', 3.50),
(114, 11, 'Πορτοκαλόπιτα', '+ παγωτό καϊμάκι', 4.00),
(115, 11, 'Πορτοκαλόπιτα', '+ παγωτό βανίλια', 4.00),
(116, 11, 'Πορτοκαλόπιτα', '+ παγωτό φράουλα', 4.00),
(117, 11, 'Πορτοκαλόπιτα', '+ παγωτό μπανάνα', 4.00),
(118, 11, 'Πορτοκαλόπιτα', '+ παγωτό σοκολάτα', 4.00),
(119, 11, 'Μηλόπιτα', '-', 3.50),
(120, 11, 'Banoffee', '-', 4.50),
(121, 2, 'Χυμός πορτοκάλι Ποτήρι', 'Φυσικός χυμός πορτοκάλι', 5.50),
(122, 2, 'Χυμός ανάμεικτος Ποτήρι', 'Φυσικός χυμός ανάμεικτος, μπανάνα, φράουλες, πορτοκάλι, καρότο', 6.00),
(123, 2, 'Χυμός ανάμεικτος Ποτήρι', 'Φυσικός χυμός ανάμεικτος, ανανάς, μπανάνα, μήλο', 6.00),
(124, 2, 'Χυμός Amita Ποτήρι', 'Amita Motion', 3.80),
(125, 3, 'Coca-Cola', 'Φιάλη 250ml', 3.80),
(126, 3, 'Fanta Μπλε', 'Φιάλη 250ml', 3.80),
(127, 3, 'Fanta Κόκκινη', 'Φιάλη 250ml', 3.80),
(128, 3, 'RedBull', '250ml', 4.50),
(129, 4, 'ΜΑΜΟΣ', '500ml', 4.50),
(130, 4, 'Amstel', '500ml', 4.00),
(131, 4, 'Amstel Dark', '330ml', 4.50),
(132, 4, 'Amstel Radler', '330ml', 5.00),
(133, 4, 'Corona', '335ml', 5.50),
(134, 4, 'Erdinger Weiss', '500ml', 6.50),
(135, 4, 'Fischer', '500ml', 5.00),
(136, 4, 'FIX', '500ml', 4.20),
(137, 4, 'FIX Dark', '500ml', 4.20),
(138, 4, 'Guinness Original', '330ml', 5.50),
(139, 4, 'Guinness Draught Bottle', '330ml', 5.50),
(140, 4, 'Guinness Special Export Bottle', '330ml', 5.50),
(141, 4, 'Heineken', '330ml', 4.20),
(142, 4, 'Heineken', '500ml', 4.70),
(143, 4, 'Kaiser Pilsner', '500ml', 5.00),
(144, 4, 'Leffe Blond', '330ml', 5.00),
(145, 4, 'Mythos', '500ml', 4.50),
(146, 4, 'Paulaner Salvator', '330ml', 5.50),
(147, 4, 'Paulaner Weissbier', '330ml', 5.50),
(148, 4, 'Sol', '335ml', 5.00),
(149, 4, 'Weihenstephaner Vitus', '500ml', 6.50),
(150, 4, 'Weihenstephaner Hefe Weissbier', '500ml', 6.50),
(151, 4, 'Weihenstephaner Korbinian', '500ml', 7.00),
(152, 5, 'Τέσσερις Λίμνες - ΚΤΗΜΑ ΚΥΡ. ΓΙΑΝΝΗ', 'Λευκός Ξηρός', 24.00),
(153, 5, 'Παράγκα - ΚΤΗΜΑ ΚΥΡ. ΓΙΑΝΝΗ', 'Λευκός Ξηρός', 19.00),
(154, 5, 'Ράμνιστα - ΚΤΗΜΑ ΚΥΡ. ΓΙΑΝΝΗ', 'Ερυθρός Ξηρός', 28.00),
(155, 5, 'Το μαύρο πρόβατο - Nico Lazaridi', 'Ερυθρός Ξηρός', 24.00),
(156, 5, 'Κρασί Ποτήρι', 'Ερυθρός Ξηρός', 4.00),
(157, 5, 'Κρασί Ποτήρι', 'Λευκός Ξηρός', 4.00),
(158, 5, 'Κρασί Ποτήρι', 'Ημίγλυκο', 4.00),
(159, 5, 'Τσίπουρο Τυρνάβου', 'Φιάλη Τυρνάβου χωρίς γλυκάνισο 200ml', 5.00),
(160, 5, 'Τσίπουρο Τυρνάβου', 'Φιάλη Τυρνάβου με γλυκάνισο 200ml', 5.50),
(161, 5, 'Ούζο ΜΙΝΙ', 'Φιάλη 200ml', 5.00),
(162, 5, 'Ούζο Τυρνάβου', 'Φιάλη 200ml', 5.00),
(163, 5, 'Ούζο Πλωμάρι', 'Φιάλη 200ml', 5.00),
(164, 5, 'Ούζο 12', 'Φιάλη 200ml', 5.00),
(165, 6, 'Ουίσκι', 'Chivas Regal', 6.50),
(166, 6, 'Ουίσκι', 'Johnnie Walker', 6.50),
(167, 6, 'Ουίσκι', 'Jameson', 6.50),
(168, 6, 'Βότκα', 'Stolichnaya', 6.00),
(169, 6, 'Βότκα', 'Absolut', 6.00),
(170, 7, 'Mojito', 'White rum, soda water, mint leaves, sugar syrup, lime juice, mint sprigs', 8.00),
(171, 7, 'Bloody Mary', 'Vodka, tomato juice, lemon, tabasco sauce, pepper, celery, lemon wedge', 9.00),
(172, 7, 'French Martini', 'Vodka, french raspberry liqueur, pineapple juice, lemon', 8.00),
(173, 7, 'Cosmopolitan', 'Vodka, orange liqueur, lime twist, cranberry juice, lime juice', 9.00),
(174, 7, 'The Apple Jack', 'Jack Daniels Whiskey, Goldschlager, natural apple, soda', 12.00),
(175, 7, 'Strawberry Daiquiri', 'White rum, fresh lime juice, sugar syrup, fresh chopped strawberries', 11.00),
(176, 7, 'Caipirinha', 'Cachaca, brown sugar, lime', 10.00),
(177, 7, 'Cuba Libre', 'White rum, Coca-Cola, lime, lemon slice', 12.00),
(178, 7, 'Apple Martini', 'Vodka, green apple juice, Cointreau, lime', 10.50),
(179, 7, 'Pina Colada', 'Rum, coconut, pineapple', 12.00),
(180, 8, 'FIX Άνευ', '500ml', 4.50),
(181, 8, 'ΑΛΦΑ Χωρίς Αλκοόλ', '500ml', 4.80),
(182, 8, 'Amstel Free', '500ml', 4.90),
(183, 10, 'Ποικιλία κρεατικών μικρή', 'Φιλέτο κοτόπουλο, λουκάνικο, μπιφτέκι μοσχαρίσιο, μπριζολάκια χοιρινά, πατάτες, πιτούλες', 7.00),
(184, 10, 'Ποικιλία κρεατικών μεγάλη', 'Φιλέτο κοτόπουλο, λουκάνικο, μπιφτέκι μοσχαρίσιο, μπριζολάκια και πανσετάκια χοιρινά, πατάτες, πιτούλες, τζατζίκι', 11.00),
(185, 10, 'Ποικιλία τυριών μικρή', 'Ποικιλία 4 τυριών', 5.00),
(186, 10, 'Ποικιλία τυριών μεγάλη', 'Ποικιλία 6 τυριών', 7.00);

CREATE TABLE products976431028 (
  product_id int(10) UNSIGNED NOT NULL,
  category_id int(10) UNSIGNED NOT NULL,
  product_name varchar(50) NOT NULL,
  description varchar(200) DEFAULT NULL,
  price decimal(5,2) UNSIGNED NOT NULL
) ENGINE=InnoDB DEFAULT CHARSET=utf8 COLLATE=utf8_unicode_ci;

INSERT INTO products976431028 (product_id, category_id, product_name, description, price) VALUES
(1, 1, 'Nescafe Frappe', '-', 2.50),
(2, 1, 'Nescafe Frappe Baileys', '-', 2.80),
(3, 1, 'Freddo espresso', '-', 3.00),
(4, 1, 'Freddo cappuccino', '-', 3.50),
(5, 1, 'Iced latte', '-', 4.00),
(6, 1, 'Nescafe', '-', 2.50),
(7, 1, 'Espresso', 'Μονός', 2.70),
(8, 1, 'Espresso', 'Διπλός', 3.50),
(9, 1, 'Cappuccino', 'Μονός', 2.70),
(10, 1, 'Cappuccino', 'Διπλός', 3.70),
(11, 1, 'Latte', '-', 3.50),
(12, 1, 'Ελληνικός', 'Μονός', 2.00),
(13, 1, 'Ελληνικός', 'Διπλός', 2.50),
(14, 1, 'Καφές φίλτρου', '-', 2.50),
(15, 1, 'Καφές φίλτρου', 'Βανίλια', 3.00),
(16, 1, 'Καφές φίλτρου', 'Φουντούκι', 3.00),
(17, 1, 'Καφές φίλτρου', 'Amaretto', 3.00),
(18, 2, 'Σοκολάτα', 'Ζεστή', 3.00),
(19, 2, 'Σοκολάτα', 'Κρύα', 3.00),
(20, 2, 'Σοκολάτα', 'Λευκή Ζεστή', 3.20),
(21, 2, 'Σοκολάτα', 'Λευκή Κρύα', 3.20),
(22, 2, 'Σοκολάτα', 'Βιενουά', 3.50),
(23, 2, 'Χυμός πορτοκάλι Ποτήρι', 'Φυσικός χυμός πορτοκάλι', 5.00),
(24, 2, 'Χυμός ανάμεικτος Ποτήρι', 'Φυσικός χυμός ανάμεικτος, μπανάνα, φράουλες, πορτοκάλι, καρότο', 6.00),
(25, 2, 'Χυμός ανάμεικτος Ποτήρι', 'Φυσικός χυμός ανάμεικτος, ανανάς, μπανάνα, μήλο', 6.00),
(26, 2, 'Χυμός Amita Ποτήρι', 'Amita Motion', 3.50),
(27, 2, 'Τσάι Ζεστό', 'Ροδάκινο', 2.00),
(28, 2, 'Τσάι Ζεστό', 'Λεμόνι', 2.00),
(29, 2, 'Τσάι Ζεστό', 'Φρούτα του δάσους', 2.00),
(30, 2, 'Τσάι Κρύο', 'Ροδάκινο', 2.00),
(31, 2, 'Τσάι Κρύο', 'Λεμόνι', 2.00),
(32, 2, 'Τσάι Κρύο', 'Φρούτα του δάσους', 2.00),
(33, 2, 'Τσάι AriZona', 'Blueberry', 3.00),
(34, 2, 'Τσάι AriZona', 'Λεμόνι', 3.00),
(35, 2, 'Τσάι AriZona', 'Ροδάκινο', 3.00),
(36, 2, 'Τσάι AriZona', 'Ρόδι', 3.00),
(37, 2, 'Milkshake 1', 'Σοκολάτα, μπανάνα, μπισκότο', 5.50),
(38, 2, 'Milkshake 2', 'Βανίλια, φρέσκα φρούτα, μπισκότο', 5.50),
(39, 10, 'Πρωινό 1', 'Αυγά μάτια, bacon, φρέσκο ψωμί', 4.50),
(40, 10, 'Πρωινό 2', 'Αυγά μάτια, bacon, φρέσκο ψωμί, κρουασάν βουτύρου', 5.00),
(41, 10, 'Πρωινό 2', 'Αυγά μάτια, bacon, φρέσκο ψωμί, κρουασάν σοκολάτας, κρουασάν βουτύρου', 5.50),
(42, 11, 'Βάφλα Banana Dream', 'Φρεσκοψημένη βάφλα με μπανάνα, πραλίνα, τριμμένο μπισκότο, σαντιγύ', 6.00),
(43, 11, 'Βάφλα Chocolate Dream', 'Φρεσκοψημένη βάφλα με μπανάνα, πραλίνα, τριμμένο μπισκότο, 1 μπάλα παγωτό σοκολάτα', 6.50),
(44, 11, 'Βάφλα White Dream 1', 'Φρεσκοψημένη βάφλα με μπανάνα, πραλίνα, τριμμένο μπισκότο, 1 μπάλα παγωτό βανίλια', 6.50),
(45, 11, 'Βάφλα White Dream 2', 'Φρεσκοψημένη βάφλα με μπανάνα, πραλίνα, τριμμένο μπισκότο, 1 μπάλα παγωτό καϊμάκι', 6.50),
(46, 11, 'Βάφλα Mix Dream 1', 'Φρεσκοψημένη βάφλα με μπανάνα, πραλίνα, τριμμένο μπισκότο, παγωτό σοκολάτα και βανίλια', 7.00),
(47, 11, 'Βάφλα Mix Dream 2', 'Φρεσκοψημένη βάφλα με μπανάνα, πραλίνα, τριμμένο μπισκότο, παγωτό σοκολάτα και καϊμάκι', 7.00),
(48, 3, 'Coca-Cola', 'Φιάλη 250ml', 3.00),
(49, 3, 'Fanta Μπλε', 'Φιάλη 250ml', 3.00),
(50, 3, 'Fanta Κόκκινη', 'Φιάλη 250ml', 3.00),
(51, 4, 'ΑΛΦΑ Draft', '330ml', 3.00),
(52, 4, 'ΑΛΦΑ Draft', '500ml', 3.60),
(53, 4, 'ΒΑΠ', '330ml', 3.20),
(54, 4, 'ΒΕΡΓΙΝΑ', '500ml', 3.50),
(55, 4, 'ΜΑΜΟΣ', '500ml', 4.20),
(56, 4, 'Amstel', '500ml', 4.00),
(57, 4, 'Amstel Dark', '330ml', 3.60),
(58, 4, 'Amstel Radler', '330ml', 4.50),
(59, 4, 'Corona', '335ml', 4.80),
(60, 4, 'Erdinger Weiss', '500ml', 5.00),
(61, 4, 'Fischer', '500ml', 5.00),
(62, 4, 'FIX', '500ml', 3.80),
(63, 4, 'FIX Dark', '500ml', 4.00),
(64, 4, 'Guinness Original', '330ml', 3.80),
(65, 4, 'Guinness Draught Bottle', '330ml', 3.50),
(66, 4, 'Guinness Special Export Bottle', '330ml', 4.00),
(67, 4, 'Heineken', '330ml', 3.80),
(68, 4, 'Heineken', '500ml', 4.20),
(69, 4, 'Kaiser Pilsner', '500ml', 4.90),
(70, 4, 'Mythos', '500ml', 4.20),
(71, 4, 'Sol', '335ml', 5.00),
(72, 5, 'Ερυθρός Ξηρός', 'Χύμα 250ml', 2.40),
(73, 5, 'Ερυθρός Ξηρός', 'Χύμα 500ml', 4.00),
(74, 5, 'Ημίγλυκο', 'Χύμα 250ml', 2.40),
(75, 5, 'Ημίγλυκο', 'Χύμα 500ml', 4.00),
(76, 5, 'Κρασί Ποτήρι', 'Ερυθρός Ξηρός', 2.00),
(77, 5, 'Κρασί Ποτήρι', 'Λευκός Ξηρός', 2.00),
(78, 5, 'Κρασί Ποτήρι', 'Ημίγλυκο', 2.00),
(79, 5, 'Λευκός Ξηρός', 'Χύμα 250ml', 2.40),
(80, 5, 'Λευκός Ξηρός', 'Χύμα 500ml', 4.00),
(81, 5, 'Τσίπουρο Τυρνάβου', 'Φιάλη Τυρνάβου χωρίς γλυκάνισο 200ml', 4.00),
(82, 5, 'Τσίπουρο Τυρνάβου', 'Φιάλη Τυρνάβου με γλυκάνισο 200ml', 4.50),
(83, 5, 'Ούζο ΜΙΝΙ', 'Φιάλη 200ml', 4.00),
(84, 5, 'Ούζο Τυρνάβου', 'Φιάλη 200ml', 3.50),
(85, 5, 'Ούζο Πλωμάρι', 'Φιάλη 200ml', 3.50),
(86, 5, 'Ούζο 12', 'Φιάλη 200ml', 4.50),
(87, 5, 'Τσίπουρο Ποτήρι', 'Χύμα', 2.00),
(88, 5, 'Ούζο Ποτήρι', 'Χύμα', 2.50),
(89, 6, 'Ουίσκι', 'Chivas Regal', 5.50),
(90, 6, 'Ουίσκι', 'Johnnie Walker', 5.00),
(91, 6, 'Ουίσκι', 'Jameson', 6.00),
(92, 6, 'Βότκα', 'Stolichnaya', 5.50),
(93, 6, 'Βότκα', 'Absolut', 5.00),
(94, 7, 'Mojito', 'White rum, soda water, mint leaves, sugar syrup, lime juice, mint sprigs', 7.00),
(95, 7, 'Bloody Mary', 'Vodka, tomato juice, lemon, tabasco sauce, pepper, celery, lemon wedge', 8.00),
(96, 7, 'French Martini', 'Vodka, french raspberry liqueur, pineapple juice, lemon', 7.50),
(97, 7, 'Cosmopolitan', 'Vodka, orange liqueur, lime twist, cranberry juice, lime juice', 8.50),
(98, 8, 'FIX Άνευ', '500ml', 3.80),
(99, 8, 'ΑΛΦΑ Χωρίς Αλκοόλ', '500ml', 4.00),
(100, 8, 'Amstel Free', '500ml', 4.20),
(101, 9, 'Τοστ', 'Γαλοπούλα, τυρί, μαγιονέζα', 2.00),
(102, 9, 'Τοστ', 'Ζαμπόν, τυρί, μαγιονέζα', 2.00),
(103, 10, 'Club sandwich', 'Γαλοπούλα, τυρί, μαγιονέζα, μαρούλι, ντομάτα', 4.50),
(104, 10, 'Club sandwich', 'Ζαμπόν, τυρί, μαγιονέζα, μαρούλι, ντομάτα', 4.50),
(105, 10, 'Burger Απλό', 'Μπιφτέκι μοσχαρίσιο, bacon, cheddar, σως, μαρούλι, ντομάτα', 5.00),
(106, 10, 'Burger Deluxe', 'Μπιφτέκι μοσχαρίσιο, bacon, cheddar, καραμελωμένα κρεμμύδια, σως, μαρούλι, ντομάτα και διπλή μερίδα πατάτες', 5.00),
(107, 11, 'Σουφλέ Σοκολάτας', '-', 4.00),
(108, 11, 'Σουφλέ Σοκολάτας', '+ παγωτό καϊμάκι', 4.50),
(109, 11, 'Σουφλέ Σοκολάτας', '+ παγωτό βανίλια', 4.50),
(110, 11, 'Σουφλέ Σοκολάτας', '+ παγωτό φράουλα', 4.50),
(111, 11, 'Σουφλέ Σοκολάτας', '+ παγωτό μπανάνα', 4.50),
(112, 11, 'Σουφλέ Σοκολάτας', '+ παγωτό σοκολάτα', 4.50),
(113, 11, 'Πορτοκαλόπιτα', '-', 3.50),
(114, 11, 'Πορτοκαλόπιτα', '+ παγωτό καϊμάκι', 4.00),
(115, 11, 'Πορτοκαλόπιτα', '+ παγωτό βανίλια', 4.00),
(116, 11, 'Πορτοκαλόπιτα', '+ παγωτό φράουλα', 4.00),
(117, 11, 'Πορτοκαλόπιτα', '+ παγωτό μπανάνα', 4.00),
(118, 11, 'Πορτοκαλόπιτα', '+ παγωτό σοκολάτα', 4.00),
(119, 11, 'Μηλόπιτα', '-', 3.50),
(120, 11, 'Banoffee', '-', 4.50),
(121, 2, 'Χυμός πορτοκάλι Ποτήρι', 'Φυσικός χυμός πορτοκάλι', 5.50),
(122, 2, 'Χυμός ανάμεικτος Ποτήρι', 'Φυσικός χυμός ανάμεικτος, μπανάνα, φράουλες, πορτοκάλι, καρότο', 6.00),
(123, 2, 'Χυμός ανάμεικτος Ποτήρι', 'Φυσικός χυμός ανάμεικτος, ανανάς, μπανάνα, μήλο', 6.00),
(124, 2, 'Χυμός Amita Ποτήρι', 'Amita Motion', 3.80),
(125, 3, 'Coca-Cola', 'Φιάλη 250ml', 3.80),
(126, 3, 'Fanta Μπλε', 'Φιάλη 250ml', 3.80),
(127, 3, 'Fanta Κόκκινη', 'Φιάλη 250ml', 3.80),
(128, 3, 'RedBull', '250ml', 4.50),
(129, 4, 'ΜΑΜΟΣ', '500ml', 4.50),
(130, 4, 'Amstel', '500ml', 4.00),
(131, 4, 'Amstel Dark', '330ml', 4.50),
(132, 4, 'Amstel Radler', '330ml', 5.00),
(133, 4, 'Corona', '335ml', 5.50),
(134, 4, 'Erdinger Weiss', '500ml', 6.50),
(135, 4, 'Fischer', '500ml', 5.00),
(136, 4, 'FIX', '500ml', 4.20),
(137, 4, 'FIX Dark', '500ml', 4.20),
(138, 4, 'Guinness Original', '330ml', 5.50),
(139, 4, 'Guinness Draught Bottle', '330ml', 5.50),
(140, 4, 'Guinness Special Export Bottle', '330ml', 5.50),
(141, 4, 'Heineken', '330ml', 4.20),
(142, 4, 'Heineken', '500ml', 4.70),
(143, 4, 'Kaiser Pilsner', '500ml', 5.00),
(144, 4, 'Leffe Blond', '330ml', 5.00),
(145, 4, 'Mythos', '500ml', 4.50),
(146, 4, 'Paulaner Salvator', '330ml', 5.50),
(147, 4, 'Paulaner Weissbier', '330ml', 5.50),
(148, 4, 'Sol', '335ml', 5.00),
(149, 4, 'Weihenstephaner Vitus', '500ml', 6.50),
(150, 4, 'Weihenstephaner Hefe Weissbier', '500ml', 6.50),
(151, 4, 'Weihenstephaner Korbinian', '500ml', 7.00),
(152, 5, 'Τέσσερις Λίμνες - ΚΤΗΜΑ ΚΥΡ. ΓΙΑΝΝΗ', 'Λευκός Ξηρός', 24.00),
(153, 5, 'Παράγκα - ΚΤΗΜΑ ΚΥΡ. ΓΙΑΝΝΗ', 'Λευκός Ξηρός', 19.00),
(154, 5, 'Ράμνιστα - ΚΤΗΜΑ ΚΥΡ. ΓΙΑΝΝΗ', 'Ερυθρός Ξηρός', 28.00),
(155, 5, 'Το μαύρο πρόβατο - Nico Lazaridi', 'Ερυθρός Ξηρός', 24.00),
(156, 5, 'Κρασί Ποτήρι', 'Ερυθρός Ξηρός', 4.00),
(157, 5, 'Κρασί Ποτήρι', 'Λευκός Ξηρός', 4.00),
(158, 5, 'Κρασί Ποτήρι', 'Ημίγλυκο', 4.00),
(159, 5, 'Τσίπουρο Τυρνάβου', 'Φιάλη Τυρνάβου χωρίς γλυκάνισο 200ml', 5.00),
(160, 5, 'Τσίπουρο Τυρνάβου', 'Φιάλη Τυρνάβου με γλυκάνισο 200ml', 5.50),
(161, 5, 'Ούζο ΜΙΝΙ', 'Φιάλη 200ml', 5.00),
(162, 5, 'Ούζο Τυρνάβου', 'Φιάλη 200ml', 5.00),
(163, 5, 'Ούζο Πλωμάρι', 'Φιάλη 200ml', 5.00),
(164, 5, 'Ούζο 12', 'Φιάλη 200ml', 5.00),
(165, 6, 'Ουίσκι', 'Chivas Regal', 6.50),
(166, 6, 'Ουίσκι', 'Johnnie Walker', 6.50),
(167, 6, 'Ουίσκι', 'Jameson', 6.50),
(168, 6, 'Βότκα', 'Stolichnaya', 6.00),
(169, 6, 'Βότκα', 'Absolut', 6.00),
(170, 7, 'Mojito', 'White rum, soda water, mint leaves, sugar syrup, lime juice, mint sprigs', 8.00),
(171, 7, 'Bloody Mary', 'Vodka, tomato juice, lemon, tabasco sauce, pepper, celery, lemon wedge', 9.00),
(172, 7, 'French Martini', 'Vodka, french raspberry liqueur, pineapple juice, lemon', 8.00),
(173, 7, 'Cosmopolitan', 'Vodka, orange liqueur, lime twist, cranberry juice, lime juice', 9.00),
(174, 7, 'The Apple Jack', 'Jack Daniels Whiskey, Goldschlager, natural apple, soda', 12.00),
(175, 7, 'Strawberry Daiquiri', 'White rum, fresh lime juice, sugar syrup, fresh chopped strawberries', 11.00),
(176, 7, 'Caipirinha', 'Cachaca, brown sugar, lime', 10.00),
(177, 7, 'Cuba Libre', 'White rum, Coca-Cola, lime, lemon slice', 12.00),
(178, 7, 'Apple Martini', 'Vodka, green apple juice, Cointreau, lime', 10.50),
(179, 7, 'Pina Colada', 'Rum, coconut, pineapple', 12.00),
(180, 8, 'FIX Άνευ', '500ml', 4.50),
(181, 8, 'ΑΛΦΑ Χωρίς Αλκοόλ', '500ml', 4.80),
(182, 8, 'Amstel Free', '500ml', 4.90),
(183, 10, 'Ποικιλία κρεατικών μικρή', 'Φιλέτο κοτόπουλο, λουκάνικο, μπιφτέκι μοσχαρίσιο, μπριζολάκια χοιρινά, πατάτες, πιτούλες', 7.00),
(184, 10, 'Ποικιλία κρεατικών μεγάλη', 'Φιλέτο κοτόπουλο, λουκάνικο, μπιφτέκι μοσχαρίσιο, μπριζολάκια και πανσετάκια χοιρινά, πατάτες, πιτούλες, τζατζίκι', 11.00),
(185, 10, 'Ποικιλία τυριών μικρή', 'Ποικιλία 4 τυριών', 5.00),
(186, 10, 'Ποικιλία τυριών μεγάλη', 'Ποικιλία 6 τυριών', 7.00);

CREATE TABLE products987654321 (
  product_id int(10) UNSIGNED NOT NULL,
  category_id int(10) UNSIGNED NOT NULL,
  product_name varchar(50) NOT NULL,
  description varchar(200) DEFAULT NULL,
  price decimal(5,2) UNSIGNED NOT NULL
) ENGINE=InnoDB DEFAULT CHARSET=utf8 COLLATE=utf8_unicode_ci;

INSERT INTO products987654321 (product_id, category_id, product_name, description, price) VALUES
(1, 1, 'Nescafe Frappe', '-', 2.50),
(2, 1, 'Nescafe Frappe Baileys', '-', 2.80),
(3, 1, 'Freddo espresso', '-', 3.00),
(4, 1, 'Freddo cappuccino', '-', 3.50),
(5, 1, 'Iced latte', '-', 4.00),
(6, 1, 'Nescafe', '-', 2.50),
(7, 1, 'Espresso', 'Μονός', 2.70),
(8, 1, 'Espresso', 'Διπλός', 3.50),
(9, 1, 'Cappuccino', 'Μονός', 2.70),
(10, 1, 'Cappuccino', 'Διπλός', 3.70),
(11, 1, 'Latte', '-', 3.50),
(12, 1, 'Ελληνικός', 'Μονός', 2.00),
(13, 1, 'Ελληνικός', 'Διπλός', 2.50),
(14, 1, 'Καφές φίλτρου', '-', 2.50),
(15, 1, 'Καφές φίλτρου', 'Βανίλια', 3.00),
(16, 1, 'Καφές φίλτρου', 'Φουντούκι', 3.00),
(17, 1, 'Καφές φίλτρου', 'Amaretto', 3.00),
(18, 2, 'Σοκολάτα', 'Ζεστή', 3.00),
(19, 2, 'Σοκολάτα', 'Κρύα', 3.00),
(20, 2, 'Σοκολάτα', 'Λευκή Ζεστή', 3.20),
(21, 2, 'Σοκολάτα', 'Λευκή Κρύα', 3.20),
(22, 2, 'Σοκολάτα', 'Βιενουά', 3.50),
(23, 2, 'Χυμός πορτοκάλι Ποτήρι', 'Φυσικός χυμός πορτοκάλι', 5.00),
(24, 2, 'Χυμός ανάμεικτος Ποτήρι', 'Φυσικός χυμός ανάμεικτος, μπανάνα, φράουλες, πορτοκάλι, καρότο', 6.00),
(25, 2, 'Χυμός ανάμεικτος Ποτήρι', 'Φυσικός χυμός ανάμεικτος, ανανάς, μπανάνα, μήλο', 6.00),
(26, 2, 'Χυμός Amita Ποτήρι', 'Amita Motion', 3.50),
(27, 2, 'Τσάι Ζεστό', 'Ροδάκινο', 2.00),
(28, 2, 'Τσάι Ζεστό', 'Λεμόνι', 2.00),
(29, 2, 'Τσάι Ζεστό', 'Φρούτα του δάσους', 2.00),
(30, 2, 'Τσάι Κρύο', 'Ροδάκινο', 2.00),
(31, 2, 'Τσάι Κρύο', 'Λεμόνι', 2.00),
(32, 2, 'Τσάι Κρύο', 'Φρούτα του δάσους', 2.00),
(33, 2, 'Τσάι AriZona', 'Blueberry', 3.00),
(34, 2, 'Τσάι AriZona', 'Λεμόνι', 3.00),
(35, 2, 'Τσάι AriZona', 'Ροδάκινο', 3.00),
(36, 2, 'Τσάι AriZona', 'Ρόδι', 3.00),
(37, 2, 'Milkshake 1', 'Σοκολάτα, μπανάνα, μπισκότο', 5.50),
(38, 2, 'Milkshake 2', 'Βανίλια, φρέσκα φρούτα, μπισκότο', 5.50),
(39, 10, 'Πρωινό 1', 'Αυγά μάτια, bacon, φρέσκο ψωμί', 4.50),
(40, 10, 'Πρωινό 2', 'Αυγά μάτια, bacon, φρέσκο ψωμί, κρουασάν βουτύρου', 5.00),
(41, 10, 'Πρωινό 2', 'Αυγά μάτια, bacon, φρέσκο ψωμί, κρουασάν σοκολάτας, κρουασάν βουτύρου', 5.50),
(42, 11, 'Βάφλα Banana Dream', 'Φρεσκοψημένη βάφλα με μπανάνα, πραλίνα, τριμμένο μπισκότο, σαντιγύ', 6.00),
(43, 11, 'Βάφλα Chocolate Dream', 'Φρεσκοψημένη βάφλα με μπανάνα, πραλίνα, τριμμένο μπισκότο, 1 μπάλα παγωτό σοκολάτα', 6.50),
(44, 11, 'Βάφλα White Dream 1', 'Φρεσκοψημένη βάφλα με μπανάνα, πραλίνα, τριμμένο μπισκότο, 1 μπάλα παγωτό βανίλια', 6.50),
(45, 11, 'Βάφλα White Dream 2', 'Φρεσκοψημένη βάφλα με μπανάνα, πραλίνα, τριμμένο μπισκότο, 1 μπάλα παγωτό καϊμάκι', 6.50),
(46, 11, 'Βάφλα Mix Dream 1', 'Φρεσκοψημένη βάφλα με μπανάνα, πραλίνα, τριμμένο μπισκότο, παγωτό σοκολάτα και βανίλια', 7.00),
(47, 11, 'Βάφλα Mix Dream 2', 'Φρεσκοψημένη βάφλα με μπανάνα, πραλίνα, τριμμένο μπισκότο, παγωτό σοκολάτα και καϊμάκι', 7.00),
(48, 3, 'Coca-Cola', 'Φιάλη 250ml', 3.00),
(49, 3, 'Fanta Μπλε', 'Φιάλη 250ml', 3.00),
(50, 3, 'Fanta Κόκκινη', 'Φιάλη 250ml', 3.00),
(51, 4, 'ΑΛΦΑ Draft', '330ml', 3.00),
(52, 4, 'ΑΛΦΑ Draft', '500ml', 3.60),
(53, 4, 'ΒΑΠ', '330ml', 3.20),
(54, 4, 'ΒΕΡΓΙΝΑ', '500ml', 3.50),
(55, 4, 'ΜΑΜΟΣ', '500ml', 4.20),
(56, 4, 'Amstel', '500ml', 4.00),
(57, 4, 'Amstel Dark', '330ml', 3.60),
(58, 4, 'Amstel Radler', '330ml', 4.50),
(59, 4, 'Corona', '335ml', 4.80),
(60, 4, 'Erdinger Weiss', '500ml', 5.00),
(61, 4, 'Fischer', '500ml', 5.00),
(62, 4, 'FIX', '500ml', 3.80),
(63, 4, 'FIX Dark', '500ml', 4.00),
(64, 4, 'Guinness Original', '330ml', 3.80),
(65, 4, 'Guinness Draught Bottle', '330ml', 3.50),
(66, 4, 'Guinness Special Export Bottle', '330ml', 4.00),
(67, 4, 'Heineken', '330ml', 3.80),
(68, 4, 'Heineken', '500ml', 4.20),
(69, 4, 'Kaiser Pilsner', '500ml', 4.90),
(70, 4, 'Mythos', '500ml', 4.20),
(71, 4, 'Sol', '335ml', 5.00),
(72, 5, 'Ερυθρός Ξηρός', 'Χύμα 250ml', 2.40),
(73, 5, 'Ερυθρός Ξηρός', 'Χύμα 500ml', 4.00),
(74, 5, 'Ημίγλυκο', 'Χύμα 250ml', 2.40),
(75, 5, 'Ημίγλυκο', 'Χύμα 500ml', 4.00),
(76, 5, 'Κρασί Ποτήρι', 'Ερυθρός Ξηρός', 2.00),
(77, 5, 'Κρασί Ποτήρι', 'Λευκός Ξηρός', 2.00),
(78, 5, 'Κρασί Ποτήρι', 'Ημίγλυκο', 2.00),
(79, 5, 'Λευκός Ξηρός', 'Χύμα 250ml', 2.40),
(80, 5, 'Λευκός Ξηρός', 'Χύμα 500ml', 4.00),
(81, 5, 'Τσίπουρο Τυρνάβου', 'Φιάλη Τυρνάβου χωρίς γλυκάνισο 200ml', 4.00),
(82, 5, 'Τσίπουρο Τυρνάβου', 'Φιάλη Τυρνάβου με γλυκάνισο 200ml', 4.50),
(83, 5, 'Ούζο ΜΙΝΙ', 'Φιάλη 200ml', 4.00),
(84, 5, 'Ούζο Τυρνάβου', 'Φιάλη 200ml', 3.50),
(85, 5, 'Ούζο Πλωμάρι', 'Φιάλη 200ml', 3.50),
(86, 5, 'Ούζο 12', 'Φιάλη 200ml', 4.50),
(87, 5, 'Τσίπουρο Ποτήρι', 'Χύμα', 2.00),
(88, 5, 'Ούζο Ποτήρι', 'Χύμα', 2.50),
(89, 6, 'Ουίσκι', 'Chivas Regal', 5.50),
(90, 6, 'Ουίσκι', 'Johnnie Walker', 5.00),
(91, 6, 'Ουίσκι', 'Jameson', 6.00),
(92, 6, 'Βότκα', 'Stolichnaya', 5.50),
(93, 6, 'Βότκα', 'Absolut', 5.00),
(94, 7, 'Mojito', 'White rum, soda water, mint leaves, sugar syrup, lime juice, mint sprigs', 7.00),
(95, 7, 'Bloody Mary', 'Vodka, tomato juice, lemon, tabasco sauce, pepper, celery, lemon wedge', 8.00),
(96, 7, 'French Martini', 'Vodka, french raspberry liqueur, pineapple juice, lemon', 7.50),
(97, 7, 'Cosmopolitan', 'Vodka, orange liqueur, lime twist, cranberry juice, lime juice', 8.50),
(98, 8, 'FIX Άνευ', '500ml', 3.80),
(99, 8, 'ΑΛΦΑ Χωρίς Αλκοόλ', '500ml', 4.00),
(100, 8, 'Amstel Free', '500ml', 4.20),
(101, 9, 'Τοστ', 'Γαλοπούλα, τυρί, μαγιονέζα', 2.00),
(102, 9, 'Τοστ', 'Ζαμπόν, τυρί, μαγιονέζα', 2.00),
(103, 10, 'Club sandwich', 'Γαλοπούλα, τυρί, μαγιονέζα, μαρούλι, ντομάτα', 4.50),
(104, 10, 'Club sandwich', 'Ζαμπόν, τυρί, μαγιονέζα, μαρούλι, ντομάτα', 4.50),
(105, 10, 'Burger Απλό', 'Μπιφτέκι μοσχαρίσιο, bacon, cheddar, σως, μαρούλι, ντομάτα', 5.00),
(106, 10, 'Burger Deluxe', 'Μπιφτέκι μοσχαρίσιο, bacon, cheddar, καραμελωμένα κρεμμύδια, σως, μαρούλι, ντομάτα και διπλή μερίδα πατάτες', 5.00),
(107, 11, 'Σουφλέ Σοκολάτας', '-', 4.00),
(108, 11, 'Σουφλέ Σοκολάτας', '+ παγωτό καϊμάκι', 4.50),
(109, 11, 'Σουφλέ Σοκολάτας', '+ παγωτό βανίλια', 4.50),
(110, 11, 'Σουφλέ Σοκολάτας', '+ παγωτό φράουλα', 4.50),
(111, 11, 'Σουφλέ Σοκολάτας', '+ παγωτό μπανάνα', 4.50),
(112, 11, 'Σουφλέ Σοκολάτας', '+ παγωτό σοκολάτα', 4.50),
(113, 11, 'Πορτοκαλόπιτα', '-', 3.50),
(114, 11, 'Πορτοκαλόπιτα', '+ παγωτό καϊμάκι', 4.00),
(115, 11, 'Πορτοκαλόπιτα', '+ παγωτό βανίλια', 4.00),
(116, 11, 'Πορτοκαλόπιτα', '+ παγωτό φράουλα', 4.00),
(117, 11, 'Πορτοκαλόπιτα', '+ παγωτό μπανάνα', 4.00),
(118, 11, 'Πορτοκαλόπιτα', '+ παγωτό σοκολάτα', 4.00),
(119, 11, 'Μηλόπιτα', '-', 3.50),
(120, 11, 'Banoffee', '-', 4.50),
(121, 2, 'Χυμός πορτοκάλι Ποτήρι', 'Φυσικός χυμός πορτοκάλι', 5.50),
(122, 2, 'Χυμός ανάμεικτος Ποτήρι', 'Φυσικός χυμός ανάμεικτος, μπανάνα, φράουλες, πορτοκάλι, καρότο', 6.00),
(123, 2, 'Χυμός ανάμεικτος Ποτήρι', 'Φυσικός χυμός ανάμεικτος, ανανάς, μπανάνα, μήλο', 6.00),
(124, 2, 'Χυμός Amita Ποτήρι', 'Amita Motion', 3.80),
(125, 3, 'Coca-Cola', 'Φιάλη 250ml', 3.80),
(126, 3, 'Fanta Μπλε', 'Φιάλη 250ml', 3.80),
(127, 3, 'Fanta Κόκκινη', 'Φιάλη 250ml', 3.80),
(128, 3, 'RedBull', '250ml', 4.50),
(129, 4, 'ΜΑΜΟΣ', '500ml', 4.50),
(130, 4, 'Amstel', '500ml', 4.00),
(131, 4, 'Amstel Dark', '330ml', 4.50),
(132, 4, 'Amstel Radler', '330ml', 5.00),
(133, 4, 'Corona', '335ml', 5.50),
(134, 4, 'Erdinger Weiss', '500ml', 6.50),
(135, 4, 'Fischer', '500ml', 5.00),
(136, 4, 'FIX', '500ml', 4.20),
(137, 4, 'FIX Dark', '500ml', 4.20),
(138, 4, 'Guinness Original', '330ml', 5.50),
(139, 4, 'Guinness Draught Bottle', '330ml', 5.50),
(140, 4, 'Guinness Special Export Bottle', '330ml', 5.50),
(141, 4, 'Heineken', '330ml', 4.20),
(142, 4, 'Heineken', '500ml', 4.70),
(143, 4, 'Kaiser Pilsner', '500ml', 5.00),
(144, 4, 'Leffe Blond', '330ml', 5.00),
(145, 4, 'Mythos', '500ml', 4.50),
(146, 4, 'Paulaner Salvator', '330ml', 5.50),
(147, 4, 'Paulaner Weissbier', '330ml', 5.50),
(148, 4, 'Sol', '335ml', 5.00),
(149, 4, 'Weihenstephaner Vitus', '500ml', 6.50),
(150, 4, 'Weihenstephaner Hefe Weissbier', '500ml', 6.50),
(151, 4, 'Weihenstephaner Korbinian', '500ml', 7.00),
(152, 5, 'Τέσσερις Λίμνες - ΚΤΗΜΑ ΚΥΡ. ΓΙΑΝΝΗ', 'Λευκός Ξηρός', 24.00),
(153, 5, 'Παράγκα - ΚΤΗΜΑ ΚΥΡ. ΓΙΑΝΝΗ', 'Λευκός Ξηρός', 19.00),
(154, 5, 'Ράμνιστα - ΚΤΗΜΑ ΚΥΡ. ΓΙΑΝΝΗ', 'Ερυθρός Ξηρός', 28.00),
(155, 5, 'Το μαύρο πρόβατο - Nico Lazaridi', 'Ερυθρός Ξηρός', 24.00),
(156, 5, 'Κρασί Ποτήρι', 'Ερυθρός Ξηρός', 4.00),
(157, 5, 'Κρασί Ποτήρι', 'Λευκός Ξηρός', 4.00),
(158, 5, 'Κρασί Ποτήρι', 'Ημίγλυκο', 4.00),
(159, 5, 'Τσίπουρο Τυρνάβου', 'Φιάλη Τυρνάβου χωρίς γλυκάνισο 200ml', 5.00),
(160, 5, 'Τσίπουρο Τυρνάβου', 'Φιάλη Τυρνάβου με γλυκάνισο 200ml', 5.50),
(161, 5, 'Ούζο ΜΙΝΙ', 'Φιάλη 200ml', 5.00),
(162, 5, 'Ούζο Τυρνάβου', 'Φιάλη 200ml', 5.00),
(163, 5, 'Ούζο Πλωμάρι', 'Φιάλη 200ml', 5.00),
(164, 5, 'Ούζο 12', 'Φιάλη 200ml', 5.00),
(165, 6, 'Ουίσκι', 'Chivas Regal', 6.50),
(166, 6, 'Ουίσκι', 'Johnnie Walker', 6.50),
(167, 6, 'Ουίσκι', 'Jameson', 6.50),
(168, 6, 'Βότκα', 'Stolichnaya', 6.00),
(169, 6, 'Βότκα', 'Absolut', 6.00),
(170, 7, 'Mojito', 'White rum, soda water, mint leaves, sugar syrup, lime juice, mint sprigs', 8.00),
(171, 7, 'Bloody Mary', 'Vodka, tomato juice, lemon, tabasco sauce, pepper, celery, lemon wedge', 9.00),
(172, 7, 'French Martini', 'Vodka, french raspberry liqueur, pineapple juice, lemon', 8.00),
(173, 7, 'Cosmopolitan', 'Vodka, orange liqueur, lime twist, cranberry juice, lime juice', 9.00),
(174, 7, 'The Apple Jack', 'Jack Daniels Whiskey, Goldschlager, natural apple, soda', 12.00),
(175, 7, 'Strawberry Daiquiri', 'White rum, fresh lime juice, sugar syrup, fresh chopped strawberries', 11.00),
(176, 7, 'Caipirinha', 'Cachaca, brown sugar, lime', 10.00),
(177, 7, 'Cuba Libre', 'White rum, Coca-Cola, lime, lemon slice', 12.00),
(178, 7, 'Apple Martini', 'Vodka, green apple juice, Cointreau, lime', 10.50),
(179, 7, 'Pina Colada', 'Rum, coconut, pineapple', 12.00),
(180, 8, 'FIX Άνευ', '500ml', 4.50),
(181, 8, 'ΑΛΦΑ Χωρίς Αλκοόλ', '500ml', 4.80),
(182, 8, 'Amstel Free', '500ml', 4.90),
(183, 10, 'Ποικιλία κρεατικών μικρή', 'Φιλέτο κοτόπουλο, λουκάνικο, μπιφτέκι μοσχαρίσιο, μπριζολάκια χοιρινά, πατάτες, πιτούλες', 7.00),
(184, 10, 'Ποικιλία κρεατικών μεγάλη', 'Φιλέτο κοτόπουλο, λουκάνικο, μπιφτέκι μοσχαρίσιο, μπριζολάκια και πανσετάκια χοιρινά, πατάτες, πιτούλες, τζατζίκι', 11.00),
(185, 10, 'Ποικιλία τυριών μικρή', 'Ποικιλία 4 τυριών', 5.00),
(186, 10, 'Ποικιλία τυριών μεγάλη', 'Ποικιλία 6 τυριών', 7.00);

CREATE TABLE server_status (
  isOnline varchar(15) DEFAULT NULL
) ENGINE=InnoDB DEFAULT CHARSET=utf8 COLLATE=utf8_unicode_ci;

INSERT INTO server_status (isOnline) VALUES
('isOnline');

CREATE TABLE working_employees (
  afm_employee bigint(9) UNSIGNED NOT NULL,
  afm_business bigint(9) UNSIGNED NOT NULL
) ENGINE=InnoDB DEFAULT CHARSET=utf8 COLLATE=utf8_unicode_ci;

INSERT INTO working_employees (afm_employee, afm_business) VALUES
(103103103, 543782460),
(103103103, 895623741),
(123456789, 987654321),
(204620462, 685724019),
(204620462, 741236985),
(204620462, 976431028),
(246824682, 731982460),
(258008520, 318046503);


ALTER TABLE all_employees
  ADD PRIMARY KEY (afm_employee),
  ADD UNIQUE KEY afm_employee (afm_employee),
  ADD UNIQUE KEY email (email),
  ADD UNIQUE KEY phone (phone);

ALTER TABLE businesses
  ADD PRIMARY KEY (afm_business),
  ADD UNIQUE KEY email (email),
  ADD UNIQUE KEY business_id_name (business_id_name),
  ADD UNIQUE KEY afm_business (afm_business),
  ADD UNIQUE KEY phone (phone);

ALTER TABLE categories
  ADD PRIMARY KEY (category_id),
  ADD UNIQUE KEY category_id (category_id),
  ADD UNIQUE KEY category_name (category_name);

ALTER TABLE customers
  ADD PRIMARY KEY (email),
  ADD UNIQUE KEY email (email),
  ADD UNIQUE KEY phone (phone);

ALTER TABLE orders318046503
  ADD KEY product_id (product_id);

ALTER TABLE orders543782460
  ADD KEY product_id (product_id);

ALTER TABLE orders685724019
  ADD KEY product_id (product_id);

ALTER TABLE orders731982460
  ADD KEY product_id (product_id);

ALTER TABLE orders741236985
  ADD KEY product_id (product_id);

ALTER TABLE orders895623741
  ADD KEY product_id (product_id);

ALTER TABLE orders976431028
  ADD KEY product_id (product_id);

ALTER TABLE orders987654321
  ADD KEY product_id (product_id);

ALTER TABLE products318046503
  ADD PRIMARY KEY (product_id),
  ADD UNIQUE KEY product_id (product_id),
  ADD KEY category_id (category_id);

ALTER TABLE products543782460
  ADD PRIMARY KEY (product_id),
  ADD UNIQUE KEY product_id (product_id),
  ADD KEY category_id (category_id);

ALTER TABLE products685724019
  ADD PRIMARY KEY (product_id),
  ADD UNIQUE KEY product_id (product_id),
  ADD KEY category_id (category_id);

ALTER TABLE products731982460
  ADD PRIMARY KEY (product_id),
  ADD UNIQUE KEY product_id (product_id),
  ADD KEY category_id (category_id);

ALTER TABLE products741236985
  ADD PRIMARY KEY (product_id),
  ADD UNIQUE KEY product_id (product_id),
  ADD KEY category_id (category_id);

ALTER TABLE products895623741
  ADD PRIMARY KEY (product_id),
  ADD UNIQUE KEY product_id (product_id),
  ADD KEY category_id (category_id);

ALTER TABLE products976431028
  ADD PRIMARY KEY (product_id),
  ADD UNIQUE KEY product_id (product_id),
  ADD KEY category_id (category_id);

ALTER TABLE products987654321
  ADD PRIMARY KEY (product_id),
  ADD UNIQUE KEY product_id (product_id),
  ADD KEY category_id (category_id);

ALTER TABLE working_employees
  ADD PRIMARY KEY (afm_employee,afm_business),
  ADD KEY afm_business (afm_business);


ALTER TABLE products318046503
  MODIFY product_id int(10) UNSIGNED NOT NULL AUTO_INCREMENT, AUTO_INCREMENT=187;

ALTER TABLE products543782460
  MODIFY product_id int(10) UNSIGNED NOT NULL AUTO_INCREMENT, AUTO_INCREMENT=187;

ALTER TABLE products685724019
  MODIFY product_id int(10) UNSIGNED NOT NULL AUTO_INCREMENT, AUTO_INCREMENT=187;

ALTER TABLE products731982460
  MODIFY product_id int(10) UNSIGNED NOT NULL AUTO_INCREMENT, AUTO_INCREMENT=187;

ALTER TABLE products741236985
  MODIFY product_id int(10) UNSIGNED NOT NULL AUTO_INCREMENT, AUTO_INCREMENT=187;

ALTER TABLE products895623741
  MODIFY product_id int(10) UNSIGNED NOT NULL AUTO_INCREMENT, AUTO_INCREMENT=187;

ALTER TABLE products976431028
  MODIFY product_id int(10) UNSIGNED NOT NULL AUTO_INCREMENT, AUTO_INCREMENT=187;

ALTER TABLE products987654321
  MODIFY product_id int(10) UNSIGNED NOT NULL AUTO_INCREMENT, AUTO_INCREMENT=187;


ALTER TABLE orders318046503
  ADD CONSTRAINT orders318046503_ibfk_1 FOREIGN KEY (product_id) REFERENCES products318046503 (product_id);

ALTER TABLE orders543782460
  ADD CONSTRAINT orders543782460_ibfk_1 FOREIGN KEY (product_id) REFERENCES products543782460 (product_id);

ALTER TABLE orders685724019
  ADD CONSTRAINT orders685724019_ibfk_1 FOREIGN KEY (product_id) REFERENCES products685724019 (product_id);

ALTER TABLE orders731982460
  ADD CONSTRAINT orders731982460_ibfk_1 FOREIGN KEY (product_id) REFERENCES products731982460 (product_id);

ALTER TABLE orders741236985
  ADD CONSTRAINT orders741236985_ibfk_1 FOREIGN KEY (product_id) REFERENCES products741236985 (product_id);

ALTER TABLE orders895623741
  ADD CONSTRAINT orders895623741_ibfk_1 FOREIGN KEY (product_id) REFERENCES products895623741 (product_id);

ALTER TABLE orders976431028
  ADD CONSTRAINT orders976431028_ibfk_1 FOREIGN KEY (product_id) REFERENCES products976431028 (product_id);

ALTER TABLE orders987654321
  ADD CONSTRAINT orders987654321_ibfk_1 FOREIGN KEY (product_id) REFERENCES products987654321 (product_id);

ALTER TABLE products318046503
  ADD CONSTRAINT products318046503_ibfk_1 FOREIGN KEY (category_id) REFERENCES categories (category_id);

ALTER TABLE products543782460
  ADD CONSTRAINT products543782460_ibfk_1 FOREIGN KEY (category_id) REFERENCES categories (category_id);

ALTER TABLE products685724019
  ADD CONSTRAINT products685724019_ibfk_1 FOREIGN KEY (category_id) REFERENCES categories (category_id);

ALTER TABLE products731982460
  ADD CONSTRAINT products731982460_ibfk_1 FOREIGN KEY (category_id) REFERENCES categories (category_id);

ALTER TABLE products741236985
  ADD CONSTRAINT products741236985_ibfk_1 FOREIGN KEY (category_id) REFERENCES categories (category_id);

ALTER TABLE products895623741
  ADD CONSTRAINT products895623741_ibfk_1 FOREIGN KEY (category_id) REFERENCES categories (category_id);

ALTER TABLE products976431028
  ADD CONSTRAINT products976431028_ibfk_1 FOREIGN KEY (category_id) REFERENCES categories (category_id);

ALTER TABLE products987654321
  ADD CONSTRAINT products987654321_ibfk_1 FOREIGN KEY (category_id) REFERENCES categories (category_id);

ALTER TABLE working_employees
  ADD CONSTRAINT afm_business FOREIGN KEY (afm_business) REFERENCES businesses (afm_business),
  ADD CONSTRAINT afm_employee FOREIGN KEY (afm_employee) REFERENCES all_employees (afm_employee);
COMMIT;

/*!40101 SET CHARACTER_SET_CLIENT=@OLD_CHARACTER_SET_CLIENT */;
/*!40101 SET CHARACTER_SET_RESULTS=@OLD_CHARACTER_SET_RESULTS */;
/*!40101 SET COLLATION_CONNECTION=@OLD_COLLATION_CONNECTION */;
